County Name,State,Cases,Deaths,CasesPerCap,DeathsPerCap,TotalPop,IncomePerCap,Poverty,Unemployment
autauga county,alabama,19913,235,0.36181771931099643,0.00426993240787848,55036,27824,13.7,5.2
baldwin county,alabama,70521,731,0.3467791109362707,0.003594610542879622,203360,29364,11.8,5.5
barbour county,alabama,7582,104,0.28937826800503796,0.0039693141483149496,26201,17561,27.2,12.4
bibb county,alabama,8149,111,0.36089459698848536,0.00491585473870682,22580,20911,15.2,8.2
blount county,alabama,18872,261,0.3272582239409021,0.00452598539892833,57667,22021,15.6,4.9
bullock county,alabama,3057,54,0.2917541515556404,0.005153655277724756,10478,20856,28.5,12.1
butler county,alabama,6617,132,0.32877869422637385,0.006558680314021664,20126,19004,24.4,7.6
calhoun county,alabama,41931,683,0.3629541146225558,0.005912037878591152,115527,23638,18.6,10.1
chambers county,alabama,10935,172,0.3226139548605989,0.005074494763239416,33895,22002,18.8,6.4
cherokee county,alabama,6803,89,0.2631212531425256,0.0034422742216205764,25855,23010,16.1,5.3
chilton county,alabama,13073,221,0.2984362515694555,0.005045086177377011,43805,23368,19.4,6.7
choctaw county,alabama,2260,39,0.1713679102214134,0.002957233848953594,13188,20994,22.3,9.8
clarke county,alabama,8630,107,0.35045685279187816,0.004345177664974619,24625,20765,25.3,15.2
clay county,alabama,5223,94,0.3895726113224435,0.007011262773178191,13407,21330,19.1,6.4
cleburne county,alabama,4460,73,0.2985474261998795,0.004886538590267086,14939,20873,19.1,7.8
coffee county,alabama,17358,246,0.33986646564721085,0.004816635012628982,51073,26216,16.1,6.0
colbert county,alabama,21616,279,0.39709745568108756,0.00512537889225682,54435,23675,16.8,6.9
conecuh county,alabama,3654,76,0.2888765910348644,0.006008380109099534,12649,16337,26.4,14.5
coosa county,alabama,3805,64,0.3473299863076221,0.005842081241442264,10955,20342,14.4,11.3
covington county,alabama,11885,266,0.31677283509688425,0.007089741197793118,37519,22431,17.6,10.7
crenshaw county,alabama,4766,111,0.34371844800230783,0.008005192557334487,13866,21580,17.6,6.4
cullman county,alabama,31723,400,0.3882721564691627,0.004895781060670967,81703,21857,16.4,5.8
dale county,alabama,16715,245,0.3384082764764238,0.004960217034802502,49393,23194,19.6,10.4
dallas county,alabama,11099,260,0.27233468286099866,0.006379585326953748,40755,18248,31.9,13.7
dekalb county,alabama,22664,347,0.31834143326684833,0.004874006236480603,71194,20020,21.5,5.1
elmore county,alabama,30079,364,0.37139611552186097,0.004494437516205905,80989,26251,13.5,7.3
escambia county,alabama,12549,181,0.333563701124372,0.004811142712846548,37621,18164,23.8,13.7
etowah county,alabama,34402,696,0.33357250901756974,0.006748632820075243,103132,22278,17.9,7.6
fayette county,alabama,5949,100,0.3571471453442997,0.006003482019571352,16657,21191,18.1,8.4
franklin county,alabama,12248,154,0.388739010378646,0.004887802710508776,31507,19314,23.0,8.2
geneva county,alabama,8001,174,0.3011064278187566,0.006548246274273671,26572,21084,22.5,8.9
greene county,alabama,2351,54,0.27551857494433374,0.006328372202039142,8533,14197,38.8,14.8
hale county,alabama,5793,110,0.3863287762587529,0.007335778592864288,14995,20269,26.1,11.7
henry county,alabama,5915,79,0.3457042665108124,0.0046171829339567505,17110,23983,13.7,6.7
houston county,alabama,32948,532,0.31647904099588886,0.005110077995927306,104108,24781,18.5,7.6
jackson county,alabama,18504,257,0.35362917096663227,0.0049115162634254484,52326,20946,19.0,7.7
jefferson county,alabama,240736,2536,0.3650501925818094,0.0038455706183847392,659460,29456,17.6,7.7
lamar county,alabama,4819,74,0.3436987376078739,0.00527779758933029,14021,21152,23.1,7.9
lauderdale county,alabama,30743,423,0.3320336969435144,0.004568527918781726,92590,25803,16.3,6.6
lawrence county,alabama,9487,181,0.2849975967315549,0.005437394857005527,33288,22419,16.6,7.2
lee county,alabama,48087,373,0.3070748481771681,0.002381910253708564,156597,26170,22.0,5.7
limestone county,alabama,32491,324,0.35433775014995367,0.0035334532962538853,91695,26685,14.8,7.1
lowndes county,alabama,3410,81,0.32908704883227174,0.00781702374059062,10362,18976,30.2,11.2
macon county,alabama,5337,90,0.2756999690050625,0.004649240624031408,19358,19564,25.9,14.5
madison county,alabama,117283,1068,0.33204610249339633,0.0030236712691775218,353213,34232,13.6,6.5
marengo county,alabama,6118,116,0.3098819834878185,0.005875500177278023,19743,22996,25.6,12.8
marion county,alabama,10209,161,0.33964335617805574,0.00535631113181183,30058,21835,17.6,5.5
marshall county,alabama,33237,411,0.35083071206907473,0.004338280309907324,94738,22710,21.0,6.5
mobile county,alabama,135840,1810,0.3278561912301365,0.0043685196269622134,414328,24347,19.3,7.5
monroe county,alabama,6796,88,0.3125316164635548,0.004046907335019545,21745,17264,33.7,21.6
montgomery county,alabama,74623,1016,0.32856199365973937,0.004473406128918634,227120,26712,20.8,7.6
morgan county,alabama,46965,554,0.39414386062086154,0.004649328197252365,119157,25013,16.6,6.5
perry county,alabama,2701,49,0.2790289256198347,0.00506198347107438,9680,13449,41.9,11.8
pickens county,alabama,6520,122,0.3232523549826475,0.006048587010411503,20170,20089,22.9,12.2
pike county,alabama,9335,144,0.28043981133775947,0.0043260131582900235,33287,20808,26.3,8.7
randolph county,alabama,6593,80,0.2926320461606747,0.003550821127385708,22530,20983,18.7,5.8
russell county,alabama,13152,101,0.22489740082079343,0.0017270861833105335,58480,21279,20.9,9.7
st. clair county,alabama,33629,443,0.3868203411665919,0.00509564397207173,86937,24686,13.7,5.8
shelby county,alabama,78788,488,0.377479985243459,0.0023380493577550895,208721,35330,8.3,4.3
sumter county,alabama,3226,55,0.24656068480586976,0.00420360745949251,13084,14739,36.0,13.4
talladega county,alabama,28816,402,0.35624567302937393,0.004969834833349817,80888,21382,19.3,10.0
tallapoosa county,alabama,14744,255,0.36176268524879773,0.006256747472764747,40756,22430,21.2,9.2
tuscaloosa county,alabama,72031,858,0.3523607795562165,0.004197158846319414,204424,24895,17.3,6.7
walker county,alabama,24499,482,0.37733146456789934,0.007423722026275664,64927,21217,21.5,10.0
washington county,alabama,4422,61,0.2640630598351845,0.003642660933954377,16746,23239,22.0,11.0
wilcox county,alabama,3721,48,0.3407821229050279,0.0043960069603443536,10919,15774,31.9,17.2
winston county,alabama,9528,143,0.39753004005340453,0.005966288384512684,23968,20580,18.7,9.4
aleutians east borough,alaska,796,2,0.23846614739364888,0.0005991611743559018,3338,31254,16.7,2.4
aleutians west census area,alaska,1167,3,0.20176348547717843,0.0005186721991701245,5784,35998,7.5,1.9
bethel census area,alaska,13359,48,0.7439438659018767,0.002673052291585454,17957,18654,27.0,19.3
bristol bay borough,alaska,608,2,0.6630316248636859,0.0021810250817884407,917,42002,7.1,6.8
denali borough,alaska,477,1,0.20712114633087278,0.0004342162396873643,2303,33084,15.5,1.9
dillingham census area,alaska,2269,13,0.4561720948934459,0.002613590671491757,4974,24647,16.6,11.4
fairbanks north star borough,alaska,32247,171,0.32237006527976325,0.0017094700642800733,100031,35328,7.7,8.0
haines borough,alaska,791,2,0.3117855735120221,0.0007883326763894363,2537,35907,8.4,2.7
hoonah-angoon census area,alaska,0,0,0.0,0.0,2146,33704,11.1,11.7
kenai peninsula borough,alaska,21340,125,0.36817860285364296,0.0021566225565466434,57961,33336,11.0,8.6
ketchikan gateway borough,alaska,5013,27,0.3647144416151328,0.00196435067297199,13745,33771,10.6,7.0
kodiak island borough,alaska,5702,13,0.4139984026718943,0.0009438756988310463,13773,32625,9.3,5.3
kusilvak census area,alaska,1508,4,0.1855086726534629,0.0004920654447041457,8129,11693,39.1,28.8
lake and peninsula borough,alaska,121,0,0.0930053804765565,0.0,1301,23434,16.5,13.2
matanuska-susitna borough,alaska,40348,276,0.39895189598062,0.0027290255598951896,101135,30409,9.8,9.8
nome census area,alaska,7672,7,0.7773837268213598,0.0007092917215523356,9869,20952,24.9,16.6
north slope borough,alaska,4975,16,0.5098903351439992,0.0016398483140309522,9757,48777,10.2,9.5
northwest arctic borough,alaska,5871,22,0.7609850939727802,0.002851587815942968,7715,21879,25.3,20.1
petersburg borough,alaska,179,2,0.05465648854961832,0.0006106870229007634,3275,35044,7.8,4.8
southeast fairbanks census area,alaska,2316,21,0.33618812599796777,0.0030483379300333866,6889,31051,13.9,12.5
valdez-cordova census area,alaska,2171,23,0.2300031783027863,0.002436698802839284,9439,37935,7.4,7.5
yukon-koyukuk census area,alaska,1802,16,0.33046029708417385,0.0029341646799926646,5453,21057,25.5,19.7
apache county,arizona,38277,608,0.5345800396636965,0.00849138292226474,71602,13865,35.9,14.1
cochise county,arizona,39794,564,0.3145372917259477,0.004457934174333681,126516,24896,18.1,7.6
coconino county,arizona,53996,472,0.3894719379106889,0.0034045254221395133,138639,25722,21.0,8.3
gila county,arizona,21779,379,0.4098033681437576,0.007131432872330417,53145,22433,21.9,11.7
graham county,arizona,14277,176,0.3787002652519894,0.0046684350132626,37700,17874,21.4,12.2
greenlee county,arizona,2810,32,0.29995730145175065,0.0034158838599487617,9368,24935,11.5,7.6
la paz county,arizona,6161,143,0.3008741514870342,0.006983444840552815,20477,21707,19.7,9.5
maricopa county,arizona,1552756,17103,0.3736627665352505,0.004115749220130136,4155501,30186,15.7,6.0
mohave county,arizona,68398,1435,0.3341524541870429,0.007010567147554118,204691,23527,18.6,10.1
navajo county,arizona,49652,902,0.4601582917832848,0.00835943726714982,107902,17685,29.1,16.3
pima county,arizona,325955,3803,0.32360658699815437,0.00377560046740802,1007257,27323,18.3,8.4
pinal county,arizona,158952,1645,0.39195437161097507,0.004056349975464631,405537,22944,15.5,7.8
santa cruz county,arizona,20112,228,0.43384097674619265,0.004918244963113163,46358,19482,21.8,8.7
yavapai county,arizona,61534,1195,0.27846967036547615,0.005407924985971074,220972,27504,14.7,7.3
yuma county,arizona,72217,1167,0.3535179483162898,0.0057127192445699795,204281,20600,19.7,10.9
arkansas county,arkansas,7013,95,0.38213818657367044,0.005176547515257193,18352,23766,20.7,8.5
ashley county,arkansas,6255,83,0.3011410139136296,0.003995955900052958,20771,20703,21.3,9.9
baxter county,arkansas,10739,284,0.26133404716131703,0.006911152751076826,41093,24737,12.6,5.8
benton county,arkansas,77493,1006,0.30772804708068763,0.003994869412245903,251823,30611,10.5,3.1
boone county,arkansas,11304,204,0.3037729764592067,0.005482102547565301,37212,22288,15.8,6.1
bradley county,arkansas,3597,57,0.32717846097871567,0.0051846461706385304,10994,21575,26.4,9.4
calhoun county,arkansas,1197,15,0.23045822102425875,0.002887947631882942,5194,22866,19.6,5.7
carroll county,arkansas,7293,123,0.2625080987689871,0.004427327046288964,27782,21754,15.7,5.1
chicot county,arkansas,3125,65,0.2838844476744186,0.005904796511627907,11008,20560,29.4,10.1
clark county,arkansas,6426,92,0.28566348077350523,0.004089797732829518,22495,20382,21.5,4.5
clay county,arkansas,5154,102,0.339302172481896,0.0067149440421329825,15190,19171,22.3,5.3
cleburne county,arkansas,8065,148,0.31800796498560785,0.005835732029494105,25361,26189,15.4,5.5
cleveland county,arkansas,2684,42,0.32213154104656744,0.005040806529044647,8332,23171,19.3,6.6
columbia county,arkansas,6797,106,0.2833027675891964,0.004418139379793264,23992,20296,25.1,9.5
conway county,arkansas,6618,84,0.3158346855015749,0.004008781139639209,20954,22365,18.5,7.1
craighead county,arkansas,47435,388,0.45502944957120656,0.0037219653511885347,104246,25594,18.3,6.0
crawford county,arkansas,18667,295,0.3005038716012814,0.004748949596741737,62119,22104,16.6,6.2
crittenden county,arkansas,16717,246,0.33923860546288404,0.00499208571776452,49278,20721,23.5,8.4
cross county,arkansas,5761,106,0.33564437194127245,0.006175716616173386,17164,22894,18.0,6.8
dallas county,arkansas,2070,41,0.27290705339485827,0.005405405405405406,7585,18309,13.2,6.4
desha county,arkansas,3659,45,0.30254671738051925,0.0037208533156937325,12094,18187,32.6,12.2
drew county,arkansas,5645,84,0.30316863587540277,0.004511278195488722,18620,20300,24.4,9.0
faulkner county,arkansas,43060,360,0.3550403192559489,0.0029682887815174553,121282,25240,16.3,5.1
franklin county,arkansas,4494,83,0.2524293658372184,0.004662135595124417,17803,19988,21.9,6.6
fulton county,arkansas,3112,99,0.25736023817399933,0.008187231227257692,12092,19674,23.0,6.9
garland county,arkansas,27112,583,0.2766700002040941,0.005949343837377798,97994,25690,19.1,9.0
grant county,arkansas,5258,66,0.29088293870325294,0.0036512502766098695,18076,25814,14.4,8.7
greene county,arkansas,19820,201,0.4484467271534267,0.004547819987781976,44197,22094,15.9,7.0
hempstead county,arkansas,5645,83,0.2548072582829286,0.003746501760404442,22154,18817,25.3,6.4
hot spring county,arkansas,13067,162,0.39029271206690563,0.004838709677419355,33480,20868,15.8,6.2
howard county,arkansas,4660,64,0.34590261282660334,0.004750593824228029,13472,23627,21.0,5.7
independence county,arkansas,12812,231,0.34536485430088687,0.0062269186187562334,37097,23056,18.5,6.0
izard county,arkansas,4730,78,0.34982619628725686,0.005768804082538274,13521,19737,17.7,9.6
jackson county,arkansas,7291,76,0.41832577887428996,0.004360548511102186,17429,19458,25.1,7.0
jefferson county,arkansas,22384,316,0.31361999635716586,0.004427444551861348,71373,20371,24.7,10.0
johnson county,arkansas,8209,104,0.31385968266105907,0.003976295163448672,26155,18757,22.5,4.7
lafayette county,arkansas,1510,30,0.2141540207062828,0.004254715643171181,7051,25140,23.8,8.3
lawrence county,arkansas,6535,90,0.3895213685402635,0.0053644870954282645,16777,19422,18.4,8.2
lee county,arkansas,3346,68,0.3480341169128354,0.007073018514666112,9614,15610,27.3,15.3
lincoln county,arkansas,5504,70,0.39639899171768095,0.005041411595246669,13885,13142,17.9,8.1
little river county,arkansas,3890,109,0.31134944773491274,0.008724187610052826,12494,23412,18.8,10.3
logan county,arkansas,6075,91,0.2786441610861389,0.004173928997339694,21802,19708,20.2,8.1
lonoke county,arkansas,24045,270,0.3359741784037559,0.003772635814889336,71568,25184,12.3,4.8
madison county,arkansas,4866,69,0.30590306154523167,0.004337712956560005,15907,23203,17.8,4.5
marion county,arkansas,4106,95,0.250763405398803,0.00580188103090265,16374,19200,19.5,7.7
miller county,arkansas,11636,210,0.2659049360146252,0.0047989031078610606,43760,22227,21.0,8.0
mississippi county,arkansas,16442,236,0.37768181191712225,0.005421050213626132,43534,20378,25.6,11.6
monroe county,arkansas,2311,40,0.311455525606469,0.005390835579514825,7420,20486,28.6,9.1
montgomery county,arkansas,1775,67,0.1959377414725687,0.007395959818964566,9059,21480,18.1,4.4
nevada county,arkansas,2777,47,0.32563320825515946,0.00551125703564728,8528,18644,23.0,4.8
newton county,arkansas,2055,54,0.26019245378576855,0.006837173968093188,7898,18053,17.8,4.0
ouachita county,arkansas,6779,127,0.27807859545491836,0.005209615226843876,24378,19780,26.0,8.3
perry county,arkansas,3020,43,0.2926356589147287,0.004166666666666667,10320,21781,17.8,6.5
phillips county,arkansas,5890,106,0.301772722615022,0.005430884311917204,19518,17287,33.0,15.7
pike county,arkansas,2965,49,0.2721931515652254,0.004498301661617553,10893,20180,17.3,5.1
poinsett county,arkansas,10128,140,0.42028384098265414,0.005809610756079343,24098,18361,21.4,5.4
polk county,arkansas,4654,161,0.2302592519295468,0.007965565010884622,20212,18735,26.6,8.5
pope county,arkansas,20974,230,0.330966357381809,0.003629363125670643,63372,21650,19.8,7.3
prairie county,arkansas,2418,46,0.2910097484655193,0.005536165603562402,8309,22653,16.8,7.6
pulaski county,arkansas,128164,1325,0.3262432289333279,0.0033728057671160347,392848,29855,17.3,5.9
randolph county,arkansas,6466,107,0.3691903619961174,0.006109398195729131,17514,20932,20.9,3.5
st. francis county,arkansas,8569,112,0.3210806354916067,0.004196642685851319,26688,16518,27.5,10.0
saline county,arkansas,37232,396,0.3202697587998486,0.0034063930082923305,116252,28410,8.0,4.3
scott county,arkansas,2863,49,0.2705026455026455,0.004629629629629629,10584,18077,20.5,10.6
searcy county,arkansas,2575,53,0.3249211356466877,0.006687697160883281,7925,21475,17.4,3.6
sebastian county,arkansas,39367,589,0.3090953345581885,0.004624613306951838,127362,23916,22.5,5.6
sevier county,arkansas,7125,84,0.41409973265140065,0.004882017900732303,17206,18388,21.2,6.6
sharp county,arkansas,5718,123,0.33554368875066015,0.007217886274279679,17041,20078,23.3,6.7
stone county,arkansas,3711,80,0.29823997428272925,0.006429317688660291,12443,19881,24.2,8.3
union county,arkansas,11312,207,0.28264454549997503,0.005172155314576983,40022,23463,20.1,8.3
van buren county,arkansas,4348,67,0.2595665930392215,0.0039997612082860725,16751,20568,19.6,8.3
washington county,arkansas,81088,712,0.36251302065870006,0.003183076049588033,223683,26371,18.0,4.9
white county,arkansas,27147,342,0.34491652478845325,0.004345284984626331,78706,23120,16.6,6.2
woodruff county,arkansas,2276,33,0.3365370397752477,0.004879491349992607,6763,19987,26.0,10.1
yell county,arkansas,7599,118,0.35178926901532337,0.005462710059719458,21601,20209,17.8,6.3
alameda county,california,389331,2172,0.23890980384937546,0.0013328301469979105,1629615,41363,11.3,6.0
alpine county,california,139,0,0.11554447215295095,0.0,1203,27448,19.8,14.6
amador county,california,10716,100,0.2872460194070659,0.002680533962365303,37306,29628,10.6,9.3
butte county,california,42213,503,0.18744088771663403,0.0022335007348794665,225207,26304,20.5,9.1
calaveras county,california,9142,144,0.2028985507246377,0.003195951794393768,45057,31652,12.8,7.1
colusa county,california,4043,24,0.1882303645421109,0.0011173704548628892,21479,25676,14.0,5.9
contra costa county,california,279336,1604,0.24859078846431096,0.001427455196239492,1123678,42898,9.8,6.9
del norte county,california,8005,62,0.29170614386706506,0.0022593105458785802,27442,20809,23.2,9.5
el dorado county,california,35164,248,0.1900602653838878,0.0013404318568764695,185015,38156,9.8,8.1
fresno county,california,299234,3031,0.30797557882949644,0.0031195451701083554,971616,22234,25.4,10.4
glenn county,california,5877,56,0.21038124216932164,0.0020046536602827993,27935,21029,19.6,9.2
humboldt county,california,23775,172,0.17547420473835706,0.0012694663812827516,135490,25208,20.8,8.9
imperial county,california,72119,987,0.4007568474691176,0.005484643553737838,179957,17303,23.8,16.0
inyo county,california,4837,63,0.2658422643583402,0.0034624896949711458,18195,30323,10.2,5.2
kern county,california,232982,2502,0.2651306865253134,0.0028472456141948052,878744,21716,22.6,10.9
kings county,california,63548,487,0.42313710606393534,0.0032427105597837304,150183,19835,20.9,9.7
lake county,california,13861,165,0.2162571183399641,0.0025743037678446056,64095,23345,22.8,11.2
lassen county,california,10315,65,0.32777248172863044,0.002065459167461074,31470,20974,14.6,7.5
los angeles county,california,3534088,36317,0.34971157924193835,0.0035937066149256828,10105722,30798,17.0,7.8
madera county,california,47006,377,0.30436415436415437,0.002441077441077441,154440,19975,22.1,8.3
marin county,california,42037,260,0.1611761638562347,0.0009968790018940702,260814,66748,8.1,4.5
mariposa county,california,3403,32,0.1927171820138181,0.0018122097632800997,17658,28241,15.1,10.0
mendocino county,california,17092,146,0.1953438403602409,0.001668628638696184,87497,27093,19.1,10.4
merced county,california,78697,904,0.2943154194248102,0.003380829499981301,267390,20120,23.3,14.6
modoc county,california,987,11,0.10945990906066319,0.0012199179327936121,9017,22052,18.1,7.5
mono county,california,3355,8,0.23865414710485133,0.0005690709916062028,14058,30888,9.9,3.6
monterey county,california,99107,817,0.22879575591918147,0.0018861042366933845,433168,27168,14.7,6.0
napa county,california,35205,182,0.24967199744689905,0.0012907343711215913,141005,40632,8.2,5.4
nevada county,california,20521,139,0.20762257431352313,0.0014063416904429471,98838,35581,12.1,7.3
orange county,california,726307,8235,0.2301487158947163,0.0026094677256215193,3155816,37603,12.1,5.8
placer county,california,82823,687,0.22087016814005894,0.0018320732829313173,374985,39734,8.2,5.6
plumas county,california,3872,15,0.20679342020935698,0.0008011108737449263,18724,32056,13.3,9.4
riverside county,california,742131,6863,0.3151296686796869,0.002914222578154923,2355002,25700,15.6,9.9
sacramento county,california,379292,3627,0.25363916009094556,0.0024254380098970175,1495400,29693,16.7,8.8
san benito county,california,17905,117,0.3051763222034736,0.0019941708851050773,58671,30012,9.7,8.8
san bernardino county,california,717634,8144,0.33831191484145917,0.0038393000254570483,2121220,22867,18.2,9.9
san diego county,california,991624,5900,0.30198695664752645,0.001796772813304646,3283665,34350,13.3,7.1
san joaquin county,california,213760,2463,0.2951862382673275,0.003401214936622509,724153,24694,17.1,10.1
san luis obispo county,california,67347,586,0.2404228203013719,0.002091968056433159,280119,33972,13.8,4.8
san mateo county,california,187553,747,0.24566507302377366,0.0009784530748575546,763450,53516,7.3,4.7
santa barbara county,california,113829,777,0.25695265871475137,0.001753966175766824,442996,32872,15.4,6.6
santa clara county,california,488335,2844,0.25550876767059466,0.001488050078849911,1911226,48689,8.6,5.7
santa cruz county,california,69856,277,0.25563651134621224,0.0010136754701514658,273263,36388,14.7,6.7
shasta county,california,36824,612,0.2058138040118713,0.0034205422565518474,178919,26455,18.1,6.8
sierra county,california,312,5,0.10814558058925476,0.0017331022530329288,2885,31750,12.3,5.3
siskiyou county,california,5558,97,0.12768205835056284,0.002228348265563979,43530,24605,20.7,9.1
solano county,california,116145,476,0.2670116625783655,0.0010943006706040034,434981,31934,11.5,8.5
sonoma county,california,116047,578,0.2316570947193593,0.0011538238881469549,500943,37767,10.7,5.9
stanislaus county,california,147374,1869,0.2751136864270727,0.0034889972446442304,535684,24007,17.2,11.8
sutter county,california,26094,242,0.27299833652427735,0.0025318309741271983,95583,24849,16.7,10.5
tehama county,california,14606,241,0.2309358546650434,0.003810457412999826,63247,22631,20.9,10.1
trinity county,california,1489,25,0.11421339265168368,0.0019176190841451255,13037,23575,19.9,9.6
tulare county,california,129885,1603,0.28309165687682675,0.003493828586623192,458809,18962,27.1,10.0
tuolumne county,california,17064,212,0.31659214456668955,0.003933282621198909,53899,31570,13.6,7.9
ventura county,california,223443,1708,0.2635456940863424,0.002014545300141301,847834,35771,10.3,6.6
yolo county,california,50820,459,0.2390348298487806,0.0021589332329907574,212605,30615,19.4,7.2
yuba county,california,20329,134,0.27234606934247896,0.0017951878248754086,74644,22814,18.5,9.9
adams county,colorado,168289,1506,0.3449605411499436,0.0030870144511632672,487850,27487,12.2,5.1
alamosa county,colorado,6080,69,0.37197919853166106,0.0042214744570204955,16345,19217,27.8,9.9
arapahoe county,colorado,199619,1425,0.31856874748648284,0.002274134552163061,626612,36951,9.9,5.2
archuleta county,colorado,2948,16,0.23411689961880558,0.0012706480304955528,12592,29344,11.6,5.4
baca county,colorado,1086,20,0.30326724378665176,0.005585032113934655,3581,22853,19.5,4.5
bent county,colorado,3032,51,0.5222183947640372,0.00878401653461936,5806,14028,24.5,9.3
boulder county,colorado,92576,478,0.29223882670101203,0.0015089241181632795,316782,42119,13.1,5.2
chaffee county,colorado,5729,58,0.3044425550005314,0.0030821553831437984,18818,28907,9.6,2.5
cheyenne county,colorado,322,9,0.15138692994828395,0.004231311706629055,2127,23698,11.8,8.1
clear creek county,colorado,1626,12,0.17565085880954953,0.0012963163011774873,9257,41257,6.8,3.2
conejos county,colorado,2350,60,0.2884497360991776,0.007364674113170492,8147,19047,21.1,9.4
costilla county,colorado,720,18,0.19845644983461963,0.004961411245865491,3628,20737,29.6,9.1
crowley county,colorado,3564,33,0.6463547334058759,0.005984766050054407,5514,14393,24.6,21.4
custer county,colorado,667,21,0.14805771365149833,0.004661487236403996,4505,26032,15.7,8.7
delta county,colorado,7364,171,0.24370387530198231,0.0056590660886256085,30217,25546,16.5,8.5
dolores county,colorado,367,8,0.21140552995391704,0.004608294930875576,1736,23190,14.1,0.4
douglas county,colorado,102146,527,0.31827132797407615,0.0016420514737957251,320940,48725,3.6,3.3
eagle county,colorado,18984,41,0.3533484718758143,0.0007631314447381156,53726,40450,7.7,2.7
elbert county,colorado,5894,47,0.24005213212234758,0.0019142263674500062,24553,42522,4.8,3.6
el paso county,colorado,240901,1959,0.35698239249821434,0.0029029705435178847,674826,31217,11.1,6.8
fremont county,colorado,19107,217,0.41001266067251774,0.004656552434497114,46601,20919,15.8,6.2
garfield county,colorado,18199,110,0.3140736905686427,0.0018983518854085771,57945,31483,9.6,5.4
gilpin county,colorado,986,4,0.17020542033488692,0.0006904885206283445,5793,45110,5.6,3.3
grand county,colorado,4083,30,0.2760089231393226,0.002027986209693774,14793,32919,13.1,4.6
gunnison county,colorado,3432,14,0.21165587419056428,0.0008633980881899476,16215,27669,14.1,7.3
hinsdale county,colorado,132,0,0.16097560975609757,0.0,820,29574,12.0,4.1
huerfano county,colorado,1804,42,0.27762388427208373,0.006463527239150508,6498,25547,14.8,7.9
jackson county,colorado,169,0,0.12317784256559766,0.0,1372,24299,12.8,1.8
jefferson county,colorado,162971,1611,0.2889408168728913,0.002856236115518883,564029,40187,7.8,4.3
kiowa county,colorado,337,6,0.2463450292397661,0.0043859649122807015,1368,23621,10.6,3.1
kit carson county,colorado,1884,33,0.2401223553403008,0.004205964822839663,7846,26125,11.5,5.3
lake county,colorado,1854,2,0.24782783050394333,0.0002673439379762064,7481,28492,12.8,5.7
la plata county,colorado,16080,108,0.29521379133084874,0.0019827791955057007,54469,34501,9.6,4.4
larimer county,colorado,111398,633,0.33657425311805084,0.0019125253794837088,330976,34087,12.4,5.3
las animas county,colorado,4511,55,0.31877605822910043,0.0038866511200621864,14151,24268,17.0,7.8
lincoln county,colorado,2211,9,0.40054347826086956,0.0016304347826086956,5520,14765,14.0,3.7
logan county,colorado,8698,122,0.397441169750971,0.005574594471098926,21885,24595,16.8,6.2
mesa county,colorado,52710,658,0.35423863223968066,0.004422102447613543,148798,27612,16.0,8.0
mineral county,colorado,241,2,0.28896882494004794,0.002398081534772182,834,33018,12.0,1.6
moffat county,colorado,3799,56,0.29097732843137253,0.00428921568627451,13056,27331,10.1,3.6
montezuma county,colorado,7843,98,0.30434613892122625,0.003802871556072953,25770,24440,16.8,5.9
montrose county,colorado,11406,191,0.2788207685538281,0.00466901339591278,40908,24308,17.8,8.0
morgan county,colorado,7099,154,0.2524268392419016,0.005475944956085766,28123,24077,9.3,4.5
otero county,colorado,5444,137,0.29708049113233287,0.0074761255115961805,18325,20358,22.9,9.3
ouray county,colorado,892,6,0.1917042768106598,0.0012894906511927789,4653,35544,10.4,5.9
park county,colorado,3536,24,0.20923076923076922,0.0014201183431952662,16900,34377,6.6,4.6
phillips county,colorado,1137,21,0.2627686618904553,0.0048532470533857175,4327,27790,8.1,2.0
pitkin county,colorado,6693,7,0.37713416352059503,0.0003944328618921508,17747,65800,7.1,4.3
prowers county,colorado,3308,53,0.27375041377027476,0.0043859649122807015,12084,22033,18.3,8.4
pueblo county,colorado,63202,901,0.3868689094559522,0.005515155966896822,163368,23110,19.8,9.3
rio blanco county,colorado,2257,16,0.3442122922068019,0.002440140308067714,6557,28185,11.8,6.3
rio grande county,colorado,3797,48,0.3321959755030621,0.004199475065616798,11430,22412,18.1,8.8
routt county,colorado,7982,34,0.32768176033498914,0.0013957880044336796,24359,38111,10.7,3.1
saguache county,colorado,1206,12,0.19028084569264753,0.0018933417481855476,6338,22267,21.0,7.7
san juan county,colorado,209,0,0.36731107205623903,0.0,569,28889,3.3,9.8
san miguel county,colorado,2333,8,0.298949256791389,0.0010251153254741158,7804,42015,10.5,3.8
sedgwick county,colorado,490,10,0.2078913873568095,0.004242681374628765,2357,24666,17.0,6.8
summit county,colorado,12111,15,0.40747594374537377,0.0005046766704797792,29722,37192,10.3,3.3
teller county,colorado,5850,64,0.24611889435819764,0.0026925827758845556,23769,34974,7.5,6.7
washington county,colorado,1069,28,0.22229153670201704,0.005822416302765648,4809,26279,9.9,4.2
weld county,colorado,94253,716,0.3298685117716438,0.002505870947646196,285729,29226,11.2,5.3
yuma county,colorado,2367,28,0.23414778909882283,0.0027698090810169156,10109,24789,14.3,2.4
fairfield county,connecticut,265869,2747,0.28065147446291044,0.002899734833130658,947328,53433,8.8,7.6
hartford county,connecticut,239113,3188,0.2664458105874972,0.003552417660909031,897417,37817,11.2,7.4
litchfield county,connecticut,42190,468,0.22872911403385127,0.0025372179513591464,184454,40619,6.8,6.0
middlesex county,connecticut,39199,488,0.23885808299311437,0.0029736152580586194,164110,43695,7.2,5.1
new haven county,connecticut,259625,2871,0.3011447269369826,0.003330135815256917,862127,35085,12.1,7.7
new london county,connecticut,74543,679,0.2752980367246244,0.002507644808178098,270772,36881,9.9,7.0
tolland county,connecticut,28151,281,0.18569751180769942,0.0018536109132167077,151596,37830,6.5,5.8
windham county,connecticut,31667,310,0.27141436823971066,0.0026569758472324598,116674,29993,11.1,7.6
kent county,delaware,65094,747,0.3759507926882093,0.004314303040803951,173145,27420,13.0,6.7
new castle county,delaware,189681,1667,0.34174540029835904,0.0030034087878984426,555036,34541,11.9,6.5
sussex county,delaware,79359,1026,0.36816809015035884,0.004759894410139596,215551,31874,12.0,6.1
district of columbia,district of columbia,169149,1392,0.25156345043285827,0.002070224021439906,672391,50832,17.4,8.0
alachua county,florida,90634,285,0.34877340157389414,0.0010967232986358302,259865,26431,23.3,6.6
baker county,florida,10787,62,0.39172749391727496,0.0022515161419181464,27537,22440,17.2,5.8
bay county,florida,55836,394,0.30999850097436665,0.0021874670353159336,180117,26742,15.4,6.4
bradford county,florida,9324,58,0.34823529411764703,0.002166199813258637,26775,19656,18.8,7.6
brevard county,florida,177412,914,0.3122444705315013,0.0016086366540357597,568183,29405,13.4,7.6
broward county,florida,781299,3079,0.41329474570676505,0.001628742033499505,1890416,30109,14.0,7.6
calhoun county,florida,4953,45,0.3425785032507954,0.003112463687923641,14458,15927,12.9,8.6
charlotte county,florida,49778,437,0.28734212288438893,0.0025225703664365374,173236,29243,12.0,8.9
citrus county,florida,39543,463,0.2797068747214815,0.003275024226691094,141373,25034,17.4,9.9
clay county,florida,67933,352,0.3341662936381837,0.0017315080352794763,203291,28599,10.4,8.1
collier county,florida,106951,551,0.2997724049398218,0.0015443950512088885,356774,41239,12.8,5.3
columbia county,florida,25945,170,0.3788476140412359,0.002482331639507038,68484,22855,16.8,9.5
desoto county,florida,11470,97,0.32151366503153467,0.002718990889978977,35675,17892,29.9,6.1
dixie county,florida,4966,24,0.3042332904490596,0.0014703179562580407,16323,19342,23.7,6.2
duval county,florida,320808,1483,0.35174657335235293,0.001626019825819616,912043,28593,16.0,7.4
escambia county,florida,95288,706,0.3074560214762329,0.0022779778268220596,309924,25666,14.6,7.2
flagler county,florida,29239,114,0.27842689139646715,0.0010855592058277388,105015,25741,13.3,6.5
franklin county,florida,3559,20,0.3048394004282655,0.0017130620985010706,11675,23524,20.1,7.9
gadsden county,florida,17964,99,0.3895647648168629,0.0021469000065057575,46113,19252,24.4,8.5
gilchrist county,florida,5703,44,0.3317433540806236,0.002559478797044965,17191,21145,19.8,7.4
glades county,florida,2329,19,0.1764795029173297,0.0014397211487459272,13197,20476,18.0,10.0
gulf county,florida,5084,45,0.31739293295043075,0.002809339493070296,16018,21085,14.9,5.4
hamilton county,florida,4576,25,0.32139345413681697,0.0017558645877229948,14238,16109,26.6,12.7
hardee county,florida,10518,45,0.3849081460879748,0.001646783283319915,27326,18643,24.5,9.1
hendry county,florida,13970,87,0.3576182674585296,0.002227114478804014,39064,18426,25.5,8.2
hernando county,florida,54546,482,0.30448131112401194,0.00269057294690305,179144,23495,14.3,8.8
highlands county,florida,31185,366,0.31129900076863953,0.003653533246154307,100177,23020,18.7,11.5
hillsborough county,florida,485408,1832,0.35927220082792594,0.001355945250009807,1351087,29806,15.7,6.8
holmes county,florida,6359,49,0.3263871067084125,0.0025150130883334187,19483,18402,26.6,11.5
indian river county,florida,43317,306,0.2927200113528088,0.0020678330326190522,147981,33122,12.7,8.2
jackson county,florida,18303,158,0.3768297955570196,0.0032529698791459926,48571,18126,21.6,11.2
jefferson county,florida,5024,28,0.35669151579694713,0.0019879304224352146,14085,22452,13.9,7.2
lafayette county,florida,3164,26,0.3643482266236757,0.0029940119760479044,8684,21955,17.8,12.8
lake county,florida,110303,663,0.33812976104716214,0.0020324019435035176,326215,25991,12.8,7.2
lee county,florida,245264,1009,0.3502945734219791,0.0014410888861911121,700165,30233,14.9,7.1
leon county,florida,114470,332,0.40039875476581904,0.001161285809227325,285890,28548,20.5,8.8
levy county,florida,12937,56,0.32576234482411304,0.001410117593735049,39713,21043,21.9,8.5
liberty county,florida,2996,16,0.3589313525817659,0.001916856355576854,8347,16937,17.8,9.6
madison county,florida,7061,45,0.38130467653094285,0.0024300680419051734,18518,17192,31.9,8.1
manatee county,florida,124454,689,0.3423373365388318,0.0018952418152510576,363542,30477,13.4,6.6
marion county,florida,106834,996,0.31076450500032,0.0028972185538341604,343778,23598,17.6,9.0
martin county,florida,41399,335,0.2658570887303412,0.002151311015354581,155719,38021,10.9,6.5
miami-dade county,florida,1560492,6472,0.5774035540564242,0.0023947292276110207,2702602,25481,19.0,7.4
monroe county,florida,2769,52,0.0360805264186592,0.0006775685712424262,76745,39176,12.7,3.7
nassau county,florida,27535,127,0.3510550137056161,0.0016191751131510168,78435,33337,11.4,5.7
okaloosa county,florida,62522,367,0.31642129449215806,0.0018573720462976553,197591,30775,11.5,6.1
okeechobee county,florida,12654,89,0.31455702495774085,0.0022123893805309734,40228,18611,22.3,9.0
orange county,florida,479025,1310,0.3712750423184955,0.0010153338665773793,1290216,27394,16.7,6.8
osceola county,florida,145216,529,0.4465876100969345,0.0016268513506864145,325168,20165,17.8,6.6
palm beach county,florida,486711,2883,0.3411273840529531,0.0020206452046998397,1426772,36303,13.4,7.4
pasco county,florida,161458,802,0.3241243355228291,0.001610002087783256,498136,26624,13.6,7.0
pinellas county,florida,279828,1671,0.29460478690140046,0.0017592399578035083,949842,32120,13.7,6.4
polk county,florida,263740,1387,0.40435043909139967,0.0021264656821861354,652256,22579,17.3,7.7
putnam county,florida,21322,160,0.2943604611030579,0.0022088769241388833,72435,18950,27.6,10.3
st. johns county,florida,79304,221,0.3500075029349716,0.0009753815463107628,226578,39563,9.1,5.3
st. lucie county,florida,97329,657,0.3257732717906836,0.0021990674882766607,298763,24940,16.6,7.6
santa rosa county,florida,59757,291,0.3583026538272434,0.0017448344505870078,166778,28908,11.3,6.3
sarasota county,florida,122930,844,0.3036515750705836,0.002084779381433113,404839,37054,10.5,5.7
seminole county,florida,133728,516,0.2976628233094422,0.001148555402216979,449260,31363,11.8,6.6
sumter county,florida,30822,284,0.2639909553420011,0.0024324648406050327,116754,33168,9.2,6.6
suwannee county,florida,16072,140,0.3668233897840873,0.003195325694983339,43814,21565,20.4,9.1
taylor county,florida,8130,48,0.363758389261745,0.002147651006711409,22350,16979,16.4,5.9
union county,florida,5140,74,0.3359477124183007,0.004836601307189542,15300,13485,21.4,9.8
volusia county,florida,152326,846,0.29369143562256583,0.0016311263640920834,518660,25871,16.1,6.7
wakulla county,florida,12314,56,0.38985626543405305,0.0017729373773190654,31586,22846,12.6,6.9
walton county,florida,19888,89,0.31340908016452085,0.001402524544179523,63457,30853,17.0,5.7
washington county,florida,7731,52,0.3159120627656097,0.0021248774109186006,24472,18718,21.0,10.1
appling county,georgia,3846,135,0.20821828812733473,0.007308754263439987,18471,19936,24.7,7.7
atkinson county,georgia,1703,57,0.2048598580536509,0.006856730422230242,8313,19904,27.4,8.4
bacon county,georgia,2853,82,0.2529479563791116,0.007270148062771522,11279,18856,23.2,3.1
baker county,georgia,343,15,0.10550599815441403,0.004613964933866502,3251,22270,19.5,2.5
baldwin county,georgia,8467,262,0.18597755178245876,0.005754826806071122,45527,20114,27.8,9.0
banks county,georgia,3992,101,0.2173936720579426,0.00550019060066438,18363,19451,14.3,6.6
barrow county,georgia,23224,291,0.30924512976204743,0.0038748851515998882,75099,22978,13.2,6.8
bartow county,georgia,26251,485,0.2558003566451965,0.004726036073784629,102623,24931,14.2,6.0
ben hill county,georgia,2352,125,0.13617415470125058,0.007237146827234831,17272,16635,30.4,5.2
berrien county,georgia,2318,96,0.12191017145261386,0.0050489113284947935,19014,18064,23.7,9.4
bibb county,georgia,33807,832,0.219635791921935,0.0054053000526237144,153923,23426,26.7,10.4
bleckley county,georgia,1624,110,0.12708349636121763,0.008607872290476564,12779,20667,23.0,7.7
brantley county,georgia,2750,115,0.14936722611482267,0.006246265819347129,18411,18220,21.8,7.8
brooks county,georgia,2183,99,0.13967624288182226,0.006334378399129823,15629,20964,23.6,13.6
bryan county,georgia,8028,111,0.23014075624229569,0.003182065762692429,34883,29880,14.1,7.9
bulloch county,georgia,11458,283,0.1553795665970546,0.003837704428955005,73742,20526,30.4,9.3
burke county,georgia,3249,124,0.1434753808787812,0.005475822477368072,22645,19720,29.2,5.8
butts county,georgia,5595,180,0.23751910341314314,0.007641365257259297,23556,21236,23.5,7.6
calhoun county,georgia,1114,25,0.17130555128402275,0.0038443795171459326,6503,13865,32.2,14.9
camden county,georgia,10542,139,0.20175304294572458,0.0026601852560667535,52252,26854,12.7,8.2
candler county,georgia,1493,110,0.13704791628419313,0.01009730126675234,10894,18233,31.5,6.3
carroll county,georgia,16803,500,0.14624275444307125,0.004351685843095615,114898,23139,18.6,9.4
catoosa county,georgia,14249,204,0.2163200242902687,0.003097009260664946,65870,25643,10.8,5.4
charlton county,georgia,2567,65,0.19802514849957573,0.005014271387796035,12963,19102,23.1,10.4
chatham county,georgia,64518,1032,0.22597773777083494,0.0036146350689652755,285506,28765,17.3,8.7
chattahoochee county,georgia,6921,24,0.6237382840663303,0.0021629416005767843,11096,22774,15.0,15.2
chattooga county,georgia,5950,152,0.23914790996784566,0.006109324758842444,24880,17716,22.5,9.5
cherokee county,georgia,54402,710,0.2306185776782989,0.0030098009292230474,235896,33466,9.4,4.9
clarke county,georgia,30896,263,0.2500607022030853,0.0021286239215241917,123554,21203,34.1,7.6
clay county,georgia,394,7,0.1302910052910053,0.0023148148148148147,3024,14559,41.4,20.3
clayton county,georgia,70154,1088,0.25589640707641803,0.003968630311873062,274150,19498,21.9,10.3
clinch county,georgia,1575,46,0.23202710665880966,0.006776664702416028,6788,17145,39.5,9.1
cobb county,georgia,170357,2089,0.23050122315552476,0.0028265175788015242,739072,36587,10.9,6.0
coffee county,georgia,8792,305,0.20423713064486154,0.007085114291023973,43048,18945,23.9,5.7
colquitt county,georgia,9166,277,0.19973850512094138,0.006036173458269775,45890,18121,25.4,7.2
columbia county,georgia,24330,437,0.1692839698586865,0.0030405710985715578,143723,31720,8.6,5.8
cook county,georgia,2281,83,0.1326934264107039,0.004828388598022106,17190,17587,24.2,5.8
coweta county,georgia,27822,527,0.20158678404521246,0.0038184255334565084,138015,31548,11.6,5.4
crawford county,georgia,1420,64,0.11465482438433588,0.005167541380702463,12385,22212,18.1,12.6
crisp county,georgia,2686,145,0.11675722668985003,0.006302977613562269,23005,21225,31.2,14.8
dade county,georgia,2990,44,0.18363837366416902,0.00270237071612824,16282,23184,17.5,4.8
dawson county,georgia,7438,108,0.3179040047869385,0.004615976407231696,23397,31954,11.8,6.1
decatur county,georgia,6084,143,0.22514154609036746,0.005291788476482996,27023,19650,24.1,6.5
dekalb county,georgia,167662,1972,0.22778120440286606,0.002679107580026791,736066,32110,17.6,8.5
dodge county,georgia,2283,174,0.10838911835920809,0.008260931491240565,21063,18563,22.2,9.0
dooly county,georgia,1680,76,0.1195474275955312,0.005408097915035936,14053,16867,23.2,10.5
dougherty county,georgia,16288,569,0.17796813880815543,0.00621708441686152,91522,20292,30.5,15.8
douglas county,georgia,34887,461,0.248922598321822,0.003289285918146013,140152,25449,14.2,7.9
early county,georgia,2296,65,0.22066314271984622,0.006246996636232581,10405,17972,27.5,8.7
echols county,georgia,507,12,0.12640239341810022,0.0029917726252804786,4011,20589,28.2,5.5
effingham county,georgia,11883,217,0.20815597246308265,0.0038012156883353476,57087,26765,9.6,5.0
elbert county,georgia,3008,120,0.15595188718374117,0.006221484861053505,19288,21138,22.4,7.7
emanuel county,georgia,3632,168,0.1614078748555684,0.0074660030219536044,22502,17944,29.2,10.3
evans county,georgia,1674,70,0.15561959654178675,0.006507390536394906,10757,20736,26.0,6.6
fannin county,georgia,4654,180,0.1901143790849673,0.007352941176470588,24480,24845,15.8,8.3
fayette county,georgia,23119,384,0.20958968687106777,0.0034812249560314036,110306,39936,6.3,5.5
floyd county,georgia,27015,570,0.2800323413253724,0.0059085113661100225,96471,23929,18.1,7.5
forsyth county,georgia,53998,465,0.25555134879318503,0.0022006625650733552,211300,39896,6.5,4.2
franklin county,georgia,5017,115,0.2246954496596202,0.005150483697599427,22328,19663,25.4,6.3
fulton county,georgia,235286,2658,0.23285960293739238,0.0026305892599117198,1010420,41041,16.0,7.7
gilmer county,georgia,5322,199,0.17971229823732018,0.006719794691699871,29614,23688,18.8,7.4
glascock county,georgia,304,31,0.10042946812025107,0.010241162867525603,3027,19815,11.5,3.3
glynn county,georgia,20463,441,0.2451627589346688,0.005283525225538236,83467,29209,19.2,6.7
gordon county,georgia,13741,303,0.24353112150857792,0.005370055295618886,56424,21208,18.8,5.7
grady county,georgia,4168,114,0.16640051101884382,0.00455126157777068,25048,20864,25.4,8.0
greene county,georgia,3859,91,0.23063590724360508,0.005438680372938083,16732,32890,21.9,6.5
gwinnett county,georgia,215610,2116,0.2422709488355578,0.0023776509797135584,889954,27945,12.1,5.8
habersham county,georgia,9620,288,0.21924426819818588,0.006563653767263777,43878,20656,17.2,5.5
hall county,georgia,55852,929,0.28959116480439684,0.004816840795375003,192865,26283,16.1,4.6
hancock county,georgia,1635,91,0.1886465905157494,0.0104995961693781,8667,15454,30.0,4.0
haralson county,georgia,3902,186,0.13585404916092195,0.006475872153749739,28722,23141,18.0,7.2
harris county,georgia,5955,124,0.17937827579974697,0.0037351647689619857,33198,32373,7.3,8.5
hart county,georgia,3714,111,0.14544742510280007,0.004346974740552183,25535,21668,18.8,4.7
heard county,georgia,1785,61,0.15378650814163866,0.005255449297837512,11607,20946,17.4,9.6
henry county,georgia,57241,757,0.2631697516390352,0.0034803637600801817,217506,26924,11.4,7.7
houston county,georgia,29358,542,0.19527607239542108,0.003605137653733845,150341,26305,16.7,7.8
irwin county,georgia,1140,57,0.12287130847165337,0.006143565423582669,9278,19429,24.5,7.4
jackson county,georgia,21764,314,0.34085605550422077,0.004917699018026343,63851,25598,12.5,6.5
jasper county,georgia,2052,82,0.14943198368773666,0.005971453539178561,13732,19784,19.4,7.2
jeff davis county,georgia,2429,77,0.16194412960864057,0.005133675578371891,14999,18550,20.6,5.0
jefferson county,georgia,2397,121,0.15024445280180518,0.007584304876519995,15954,17485,26.9,8.5
jenkins county,georgia,1151,69,0.128905812520999,0.007727629073804457,8929,15149,30.7,6.3
johnson county,georgia,1668,86,0.17020408163265305,0.008775510204081632,9800,19706,21.5,11.4
jones county,georgia,4347,127,0.152312543798178,0.0044498948843728105,28540,26098,14.2,8.7
lamar county,georgia,3826,131,0.20927688436713707,0.007165517995842905,18282,20458,20.8,11.4
lanier county,georgia,1294,32,0.12456680785521757,0.0030804774740084712,10388,17739,28.7,10.6
laurens county,georgia,9777,328,0.20604412973383068,0.006912393837853786,47451,20687,27.3,5.1
lee county,georgia,4310,113,0.14752190580503832,0.0038677437020810516,29216,28061,11.6,7.1
liberty county,georgia,13746,166,0.22128139085640697,0.0026722472633612365,62120,20966,16.6,11.9
lincoln county,georgia,938,40,0.12075180226570546,0.005149330587023687,7768,24529,23.0,6.0
long county,georgia,2783,36,0.15584924679397436,0.002016016128129025,17857,20321,20.0,17.2
lowndes county,georgia,18287,434,0.16049534408158608,0.003808988862656989,113941,21199,25.0,9.2
lumpkin county,georgia,8263,139,0.26176069946463076,0.004403332594164792,31567,23364,20.1,6.0
mcduffie county,georgia,3306,114,0.15385331347728964,0.0053052866716306775,21488,20436,26.0,8.1
mcintosh county,georgia,2250,39,0.16001706848730532,0.002773629187113292,14061,25226,20.3,9.2
macon county,georgia,1420,54,0.10383912248628885,0.003948811700182815,13675,15919,28.6,16.8
madison county,georgia,6815,123,0.23828671328671328,0.0043006993006993,28600,22885,17.6,8.0
marion county,georgia,1083,57,0.12654825893900443,0.0066604346810002334,8558,20154,23.1,10.0
meriwether county,georgia,4048,158,0.1913767019667171,0.007469742813918306,21152,19679,22.7,8.1
miller county,georgia,1486,31,0.25254928619986405,0.005268524813052345,5884,21002,23.3,5.7
mitchell county,georgia,3425,127,0.15172322140515637,0.005625941348453974,22574,16088,27.1,15.2
monroe county,georgia,4631,185,0.17283075200597126,0.006904273185295764,26795,30359,13.3,9.4
montgomery county,georgia,1590,56,0.17741575541173846,0.00624860522204865,8962,20114,19.5,6.6
morgan county,georgia,3579,75,0.19868983511908067,0.004163659579192805,18013,28830,13.4,5.7
murray county,georgia,10565,205,0.2678480884291654,0.005197241659060947,39444,19084,18.0,7.4
muscogee county,georgia,37706,925,0.18981409233464386,0.004656501230826541,198647,24604,21.7,10.0
newton county,georgia,23060,497,0.21953123512499761,0.0047314407570305216,105042,23611,16.7,9.0
oconee county,georgia,8270,116,0.22990103413766264,0.0032247303458245303,35972,38639,6.9,4.4
oglethorpe county,georgia,2800,65,0.1910741094581684,0.004435648969564624,14654,21858,17.6,5.8
paulding county,georgia,32164,476,0.21105125361714971,0.003123380074672406,152399,26636,9.7,5.2
peach county,georgia,4627,151,0.1711991711991712,0.005587005587005587,27027,22388,18.7,8.6
pickens county,georgia,6083,194,0.2004745740368454,0.0063935668852783175,30343,29460,9.8,7.0
pierce county,georgia,2989,143,0.1561569405987148,0.0074708740400188075,19141,23754,21.0,6.2
pike county,georgia,3112,108,0.1736704057146046,0.006027122049221497,17919,25176,12.3,9.0
polk county,georgia,10760,214,0.2596274490879259,0.005163594247659492,41444,22314,19.0,7.2
pulaski county,georgia,1438,84,0.1261846261846262,0.007371007371007371,11396,18623,21.8,6.7
putnam county,georgia,4341,114,0.2025664955669622,0.005319645356976202,21430,27498,16.2,6.5
quitman county,georgia,285,5,0.13317757009345793,0.002336448598130841,2140,18921,22.8,12.1
rabun county,georgia,3162,106,0.19334719334719336,0.006481594716888834,16354,26942,20.3,5.7
randolph county,georgia,939,50,0.13030807660283097,0.006938662225922842,7206,19781,35.1,8.9
richmond county,georgia,43059,971,0.21362021749484045,0.004817232894110176,201568,21464,24.2,11.6
rockdale county,georgia,19644,350,0.22201125652675122,0.003955606790081599,88482,24254,16.3,8.7
schley county,georgia,589,11,0.11397058823529412,0.0021284829721362228,5168,19761,22.2,14.2
screven county,georgia,2065,76,0.14711120609816913,0.005414262306760704,14037,20255,22.6,5.5
seminole county,georgia,1916,39,0.22411978009123873,0.004561937068663002,8549,21257,25.5,7.3
spalding county,georgia,12163,450,0.18947843968095712,0.007010219341974077,64192,21675,21.6,8.3
stephens county,georgia,6790,183,0.2649756097560976,0.007141463414634146,25625,21657,18.1,11.7
stewart county,georgia,2740,36,0.46982167352537724,0.006172839506172839,5832,14954,41.5,11.8
sumter county,georgia,4377,188,0.1426336885326034,0.0061263727311239285,30687,18785,33.4,10.6
talbot county,georgia,1091,35,0.1698583216565468,0.005449167055892885,6423,21351,16.9,8.2
taliaferro county,georgia,211,4,0.11442516268980477,0.0021691973969631237,1844,17939,31.0,9.5
tattnall county,georgia,3657,144,0.1439650421226675,0.005668844972836784,25402,16279,23.7,4.0
taylor county,georgia,1339,53,0.16196927543244224,0.006411031813233338,8267,18482,28.2,14.1
telfair county,georgia,1382,90,0.08458289981026991,0.005508293041189791,16339,13594,27.7,4.1
terrell county,georgia,1287,71,0.1433504121185119,0.00790822009356204,8978,17562,35.3,10.4
thomas county,georgia,9662,235,0.21514618450644638,0.005232804114988087,44909,24047,19.5,9.3
tift county,georgia,6876,238,0.16964792381140362,0.00587204855542671,40531,20800,27.8,3.9
toombs county,georgia,5992,216,0.22061855670103092,0.007952871870397643,27160,21309,24.4,10.3
towns county,georgia,2688,127,0.2405799695694979,0.011366687550344581,11173,22301,14.7,6.8
treutlen county,georgia,1273,71,0.1885367298578199,0.010515402843601895,6752,20775,21.0,5.6
troup county,georgia,14714,425,0.21191652384312934,0.006121008742240721,69433,22091,21.3,8.9
turner county,georgia,1274,65,0.15853658536585366,0.008088601294176207,8036,20302,27.9,6.5
twiggs county,georgia,1218,74,0.14634146341463414,0.008891024870839842,8323,17485,27.3,6.3
union county,georgia,5413,181,0.24314976192615217,0.008130446500763633,22262,26755,12.8,5.5
upson county,georgia,5125,259,0.1953050569719142,0.009870050684044054,26241,19624,22.7,11.2
walker county,georgia,15404,290,0.22451864915681616,0.00422685070471804,68609,22564,17.2,7.0
walton county,georgia,19493,479,0.21977563560516378,0.005400529905857151,88695,25184,12.8,6.9
ware county,georgia,6406,304,0.17950011208249272,0.008518269446312485,35688,19246,24.8,4.6
warren county,georgia,748,35,0.13826247689463955,0.006469500924214418,5410,20712,26.8,8.2
washington county,georgia,3591,141,0.1751194772261777,0.006876036282063786,20506,19238,27.1,9.3
wayne county,georgia,6467,222,0.21677337176951697,0.007441423926524319,29833,19188,21.3,9.5
webster county,georgia,280,10,0.10658545869813475,0.003806623524933384,2627,22206,19.5,4.0
wheeler county,georgia,994,39,0.125,0.004904426559356137,7952,11192,29.3,9.1
white county,georgia,7727,185,0.2710372163176541,0.006489178855799923,28509,23630,17.7,4.3
whitfield county,georgia,30450,492,0.29289266373613687,0.004732452891894232,103963,22262,19.2,8.0
wilcox county,georgia,902,73,0.10139388489208633,0.00820593525179856,8896,15119,21.8,7.6
wilkes county,georgia,1195,55,0.12064613831398284,0.005552751135790005,9905,21957,26.5,7.5
wilkinson county,georgia,1887,67,0.2062971466054444,0.007324805947305128,9147,19823,23.3,8.8
worth county,georgia,2584,128,0.12417703878129656,0.0061511845835936375,20809,20783,21.5,9.7
hawaii county,hawaii,44237,209,0.22532535336813955,0.0010645613141474597,196325,26959,17.4,6.8
kalawao county,hawaii,0,0,0.0,0.0,86,46024,12.7,0.0
kauai county,hawaii,19948,37,0.28059021281982754,0.0005204450508488881,71093,30515,9.1,4.4
maui county,hawaii,46667,150,0.28439187295086965,0.0009141102051263301,164094,32379,10.0,4.9
ada county,idaho,161975,1158,0.3722561977583041,0.002661353153289805,435117,31642,11.8,4.3
adams county,idaho,828,17,0.20983274201723265,0.004308160162189559,3946,24315,13.8,8.7
bannock county,idaho,24709,283,0.29375958531974844,0.003364521536504464,84113,23872,17.6,6.3
bear lake county,idaho,1170,19,0.1969033995287782,0.0031975765735442613,5942,24411,14.5,3.7
benewah county,idaho,2861,47,0.31613259668508287,0.005193370165745856,9050,23120,15.8,9.6
bingham county,idaho,11327,177,0.24966386739844387,0.0039013423262580175,45369,20720,13.1,5.2
blaine county,idaho,7377,34,0.34179678450632445,0.0015753139044618449,21583,32736,14.8,3.7
boise county,idaho,1308,15,0.18771526980482203,0.002152698048220436,6968,29648,11.3,6.0
bonner county,idaho,10364,205,0.24761677218970254,0.004897861665272966,41855,25909,14.0,4.4
bonneville county,idaho,35943,310,0.325558856563168,0.002807869280098547,110404,25706,11.9,3.8
boundary county,idaho,2441,70,0.21557891018281375,0.0061821072154022785,11323,24606,18.3,3.8
butte county,idaho,555,12,0.21239954075774972,0.004592422502870264,2613,26227,16.2,6.7
camas county,idaho,184,2,0.2076749435665914,0.002257336343115124,886,29193,22.3,4.4
canyon county,idaho,71326,744,0.3445251102513199,0.0035937341506180353,207027,19765,17.1,7.3
caribou county,idaho,1670,35,0.24336928009326728,0.005100553774409793,6862,25669,9.4,2.7
cassia county,idaho,5648,61,0.24062713019768234,0.0025988411724608045,23472,20007,14.7,4.3
clark county,idaho,118,1,0.11184834123222749,0.0009478672985781991,1055,15283,24.2,5.0
clearwater county,idaho,2720,40,0.3187624516582679,0.004687683112621587,8533,22169,13.9,6.2
custer county,idaho,709,9,0.17121468244385415,0.0021733880705143687,4141,23290,18.9,4.7
elmore county,idaho,9249,76,0.3525846294602013,0.0028972247636474533,26232,23029,14.9,7.3
franklin county,idaho,2597,31,0.1979420731707317,0.0023628048780487804,13120,20454,12.2,2.4
fremont county,idaho,2436,30,0.18899837070370082,0.0023275661416711927,12889,21611,11.9,5.9
gem county,idaho,4308,88,0.25566765578635015,0.005222551928783382,16850,20041,20.7,6.0
gooding county,idaho,3954,60,0.2616810059563203,0.003970880211780278,15110,20821,15.9,5.5
idaho county,idaho,3627,58,0.22285714285714286,0.003563748079877112,16275,20741,13.5,5.4
jefferson county,idaho,6894,71,0.2515140459686246,0.002590295512586647,27410,21519,9.5,4.6
jerome county,idaho,7180,68,0.3116454707235557,0.0029515169929250403,23039,19329,16.3,4.6
kootenai county,idaho,47644,686,0.31735585633592667,0.004569434082915912,150128,28275,12.6,6.1
latah county,idaho,7782,62,0.20110086053182416,0.0016021913843450397,38697,24166,22.5,7.2
lemhi county,idaho,1823,28,0.2350741457124436,0.0036105738233397806,7755,22489,17.1,4.4
lewis county,idaho,1422,32,0.37186192468619245,0.008368200836820083,3824,23285,15.3,5.9
lincoln county,idaho,1310,15,0.24735649546827795,0.0028323262839879152,5296,19095,11.5,3.1
madison county,idaho,13846,59,0.3620721215449387,0.0015428466828796318,38241,15257,31.8,9.2
minidoka county,idaho,4866,71,0.23796948356807512,0.003472222222222222,20448,21887,17.9,3.9
nez perce county,idaho,10721,163,0.26793122407157494,0.004073574249012846,40014,26799,14.4,4.2
oneida county,idaho,968,13,0.22595704948646125,0.003034547152194211,4284,21360,12.6,5.4
owyhee county,idaho,2636,56,0.2315530569219958,0.004919184820801124,11384,19909,23.3,6.2
payette county,idaho,6865,95,0.30058233723017647,0.004159551644117518,22839,23361,15.5,6.1
power county,idaho,1677,20,0.21872962045128472,0.002608582235554976,7667,21513,11.6,10.2
shoshone county,idaho,3217,82,0.2575660528422738,0.006565252201761409,12490,23834,17.4,8.9
teton county,idaho,2946,9,0.2733853006681514,0.0008351893095768374,10776,28004,8.3,6.2
twin falls county,idaho,29101,319,0.3538201536815485,0.003878513763252602,82248,22723,14.4,4.3
valley county,idaho,3155,20,0.31225257323832145,0.001979414093428345,10104,28515,10.4,4.3
washington county,idaho,2661,62,0.2662064825930372,0.006202480992396959,9996,20435,15.7,9.3
adams county,illinois,26914,225,0.4029826163774387,0.003368919101022654,66787,27256,13.1,5.5
alexander county,illinois,1523,16,0.2247638724911452,0.0023612750885478157,6776,18564,33.4,8.2
bond county,illinois,5144,31,0.3019842667605965,0.0018198896324997066,17034,24473,15.7,5.1
boone county,illinois,17017,124,0.3172564226854096,0.0023117938774749247,53638,29029,10.6,8.1
brown county,illinois,2787,17,0.41039611250184066,0.0025033132086585185,6791,21906,11.6,4.7
bureau county,illinois,10000,130,0.29745084624765755,0.0038668610012195484,33619,28332,12.6,5.7
calhoun county,illinois,1845,6,0.3767612824178068,0.001225239942822136,4897,25660,12.8,3.7
carroll county,illinois,4917,53,0.33439880304679,0.003604461371055495,14704,27605,11.3,5.8
cass county,illinois,5425,37,0.421195652173913,0.002872670807453416,12880,25451,13.1,6.9
champaign county,illinois,83083,305,0.3995412270493301,0.0014667269387244766,207946,28463,21.4,5.2
christian county,illinois,12529,116,0.37330909957690245,0.003456289851617901,33562,25614,12.8,4.6
clark county,illinois,5715,54,0.3588922381311228,0.003391107761868877,15924,28495,14.3,6.5
clay county,illinois,5761,74,0.43015007839916375,0.005525274397073098,13393,25700,14.0,5.0
clinton county,illinois,13766,118,0.3657279489904357,0.0031349628055260363,37640,30382,9.0,3.9
coles county,illinois,18430,185,0.35078035782261136,0.0035211267605633804,52540,26060,21.0,7.3
cook county,illinois,737082,7342,0.14070368066223018,0.0014015352748026598,5238541,33722,15.9,8.7
crawford county,illinois,7579,48,0.3944519621109608,0.0024981784115748933,19214,25955,11.9,6.2
cumberland county,illinois,3917,39,0.3593907697953941,0.0035783099366914397,10899,24956,14.3,5.0
dekalb county,illinois,25481,207,0.24390033788634383,0.001981373177758847,104473,26511,18.1,8.6
de witt county,illinois,5069,41,0.3133654797230465,0.0025346191889218596,16176,27866,13.3,6.6
douglas county,illinois,7706,59,0.38860312657589513,0.0029752899646999496,19830,26284,12.1,5.4
dupage county,illinois,233636,1805,0.2507292133939169,0.0019370569183517095,931826,42050,6.8,5.2
edgar county,illinois,6334,60,0.35982502982446174,0.0034085099130829973,17603,26344,15.4,7.4
edwards county,illinois,2081,29,0.3167427701674277,0.004414003044140031,6570,26549,11.5,6.1
effingham county,illinois,12544,146,0.3671701205947781,0.004273504273504274,34164,29300,11.3,4.4
fayette county,illinois,8446,101,0.38425841674249317,0.0045950864422202005,21980,21844,17.8,7.4
ford county,illinois,5358,70,0.3977728285077951,0.005196733481811433,13470,26611,15.7,6.6
franklin county,illinois,15028,180,0.38237239835122894,0.004579919596967076,39302,22346,19.9,8.9
fulton county,illinois,12278,136,0.3436039515293986,0.003806005653037808,35733,24269,15.5,7.7
gallatin county,illinois,1802,20,0.344814389590509,0.003827018752391887,5226,24538,16.6,7.8
greene county,illinois,4204,48,0.31582901359777626,0.003606040117196304,13311,22836,17.9,6.7
grundy county,illinois,15719,148,0.3123000814574931,0.0029404168239524765,50333,31914,9.4,5.8
hamilton county,illinois,2604,32,0.3152924082818743,0.003874561084877104,8259,25945,13.9,4.0
hancock county,illinois,5174,51,0.28328953131844065,0.002792378449408673,18264,26118,11.2,6.6
hardin county,illinois,1402,20,0.3369382360009613,0.004806536890170632,4161,20025,16.6,22.2
henderson county,illinois,1482,19,0.21394543092247725,0.0027428901400317596,6927,27949,11.3,6.0
henry county,illinois,15351,127,0.3091905174323753,0.0025579568571371023,49649,28443,12.5,5.1
iroquois county,illinois,8600,129,0.30221035246160877,0.004533155286924131,28457,26480,15.5,6.5
jackson county,illinois,19515,136,0.3301192590713017,0.00230060052440159,59115,23455,27.9,8.4
jasper county,illinois,3147,32,0.32753955037468774,0.0033305578684429643,9608,25806,12.4,4.4
jefferson county,illinois,13087,181,0.3411804577923771,0.00471870274779707,38358,24617,18.9,8.5
jersey county,illinois,7599,76,0.34206617150573937,0.00342111186135494,22215,27528,9.4,6.3
jo daviess county,illinois,4985,45,0.2261181166651547,0.0020411866098158397,22046,32401,7.6,4.3
johnson county,illinois,5441,42,0.42181564462361426,0.0032560663617334676,12899,20726,13.9,7.5
kane county,illinois,159592,1184,0.3014571157645797,0.0022364856951806,529402,33486,10.4,6.2
kankakee county,illinois,35247,381,0.3181108473750237,0.003438597124574688,110801,26150,15.1,7.5
kendall county,illinois,40641,170,0.3305947141939105,0.0013828670902036068,122933,33369,5.6,5.0
knox county,illinois,15630,234,0.30423949857904775,0.004554833184100907,51374,23676,18.1,6.3
lake county,illinois,201227,1499,0.2856406747710355,0.0021278226653569463,704476,42388,8.5,6.3
lasalle county,illinois,30531,449,0.2746803897400833,0.004039549801621218,111151,27959,13.6,8.3
lawrence county,illinois,6579,45,0.39976909521784043,0.00273439873610014,16457,21072,16.4,5.4
lee county,illinois,11023,89,0.317940582636285,0.0025670608595327374,34670,28179,11.8,5.9
livingston county,illinois,12724,142,0.3456481582092796,0.00385743779202434,36812,27318,13.3,5.5
logan county,illinois,11905,96,0.40372354856212694,0.0032555615843733042,29488,26479,9.2,5.6
mcdonough county,illinois,8791,108,0.278222616071146,0.003418046017026933,31597,22527,22.3,8.6
mchenry county,illinois,96049,513,0.31180387153741523,0.0016653519151547025,308043,36208,7.3,5.4
mclean county,illinois,62206,325,0.35909277207890045,0.0018761076250786522,173231,32943,14.5,3.9
macon county,illinois,38552,363,0.3583332558766394,0.003374013589002389,107587,28280,16.6,9.2
macoupin county,illinois,15490,146,0.33703220191470845,0.003176675369886858,45960,27255,13.3,8.2
madison county,illinois,85398,844,0.3208605576491717,0.003171108347454284,266153,30278,13.5,7.4
marion county,illinois,14026,220,0.3661662968280903,0.005743375538441457,38305,24112,17.8,8.7
marshall county,illinois,3380,33,0.28343815513626835,0.002767295597484277,11925,29025,10.3,6.2
mason county,illinois,4653,66,0.3346518987341772,0.004746835443037975,13904,25952,13.9,8.0
massac county,illinois,4493,71,0.3078662464026312,0.004865013019048924,14594,23434,18.4,7.9
menard county,illinois,4407,25,0.3549452319587629,0.0020135309278350513,12416,32839,11.4,4.6
mercer county,illinois,4821,51,0.30524249715081675,0.0032290743320248197,15794,27844,11.4,6.5
monroe county,illinois,11084,135,0.32852188861554876,0.004001304128753075,33739,37043,5.3,4.4
montgomery county,illinois,11819,109,0.40513488499640077,0.0037363315394371506,29173,23172,15.6,5.8
morgan county,illinois,11899,134,0.34547935659950063,0.003890598687648801,34442,26253,14.9,6.1
moultrie county,illinois,4879,51,0.3316565835089389,0.003466793555842567,14711,26166,12.1,3.0
ogle county,illinois,16902,137,0.327437571436874,0.0026540614889866134,51619,29239,11.1,6.5
peoria county,illinois,58353,565,0.31348142577023286,0.0030352682048940343,186145,29683,15.9,8.3
perry county,illinois,8793,99,0.4096054409093027,0.004611729631527461,21467,23929,14.7,6.7
piatt county,illinois,5344,23,0.32519929410332865,0.0013996227103998053,16433,33672,5.4,4.5
pike county,illinois,5994,70,0.376271186440678,0.004394224733207784,15930,23218,14.9,6.7
pope county,illinois,1227,9,0.28142201834862385,0.0020642201834862386,4360,22191,12.7,9.1
pulaski county,illinois,2002,24,0.35178351783517836,0.004217185028993147,5691,20195,17.1,10.4
putnam county,illinois,1369,11,0.23722058568705598,0.001906082134811991,5771,33697,8.9,5.2
randolph county,illinois,12461,133,0.3795729385604191,0.004051296110146517,32829,24716,12.3,4.4
richland county,illinois,6087,77,0.38155832758728764,0.004826678367705134,15953,25262,15.0,6.3
rock island county,illinois,40925,508,0.2799151875790842,0.003474573373003659,146205,27822,14.6,7.1
st. clair county,illinois,66565,800,0.251727280634414,0.0030253410126572706,264433,28643,17.0,7.8
saline county,illinois,10058,105,0.4117069177241097,0.004297994269340974,24430,22725,20.6,11.3
sangamon county,illinois,73374,431,0.37032513349551316,0.002175295507081066,198134,33277,15.6,6.9
schuyler county,illinois,2406,17,0.3350508285754073,0.002367358306642529,7181,23670,21.5,6.9
scott county,illinois,1499,14,0.2934037972205911,0.002740262282247015,5109,26918,14.9,8.8
shelby county,illinois,7463,80,0.3406829179220305,0.0036519674974892723,21906,24808,12.1,4.4
stark county,illinois,1836,39,0.33075121599711765,0.00702576112412178,5551,30009,14.0,4.8
stephenson county,illinois,14385,178,0.31381574641680665,0.0038831562643164117,45839,25792,16.1,8.0
tazewell county,illinois,44665,502,0.33160102453691676,0.003726938639147704,134695,32082,8.0,5.1
union county,illinois,6699,67,0.38796548329182834,0.003880233972317137,17267,24646,16.8,5.3
vermilion county,illinois,33919,313,0.428232353201106,0.003951670938174656,79207,23416,19.8,8.3
wabash county,illinois,4616,30,0.39903181189488246,0.0025933609958506223,11568,25105,13.1,7.6
warren county,illinois,4879,87,0.27993573928509957,0.004991680532445923,17429,24840,13.8,6.6
washington county,illinois,4000,36,0.2805049088359046,0.0025245441795231417,14260,29687,9.7,4.4
wayne county,illinois,6409,91,0.3868066871869153,0.005492184199408534,16569,25046,15.8,4.8
white county,illinois,5238,53,0.3692372761877908,0.0037360778232059778,14186,26522,13.9,8.2
whiteside county,illinois,18859,242,0.3318902557063161,0.00425883885046548,56823,28188,11.1,6.0
will county,illinois,209917,1660,0.3052330357830942,0.002413748478684129,687727,33731,7.4,6.0
williamson county,illinois,27811,267,0.4121552529009885,0.003956903833898958,67477,26023,15.2,6.9
winnebago county,illinois,97215,877,0.3381250173905785,0.0030503074654275298,287512,27297,15.3,10.0
woodford county,illinois,12249,118,0.31454470751373836,0.003030147398695496,38942,34198,7.4,4.7
adams county,indiana,7602,112,0.21708835456051173,0.0031983551316465816,35018,21534,18.9,5.2
allen county,indiana,103712,1173,0.28201997568980847,0.0031896929138782912,367747,26932,14.7,6.3
bartholomew county,indiana,21330,249,0.2632553317535545,0.003073163507109005,81024,29955,12.4,5.0
benton county,indiana,2475,21,0.2849740932642487,0.0024179620034542313,8685,23652,14.9,4.2
blackford county,indiana,3122,69,0.2556083183232356,0.0056492549533322415,12214,22328,12.8,6.8
boone county,indiana,15189,181,0.24104549854791868,0.002872423150778411,63013,42844,6.1,3.3
brown county,indiana,2586,62,0.17231958419404278,0.004131405344172719,15007,31365,10.6,5.9
carroll county,indiana,4222,67,0.2111633490047014,0.003351005301590477,19994,26589,10.2,5.2
cass county,indiana,11654,163,0.30469567036184897,0.0042616607404308724,38248,23592,13.9,6.4
clark county,indiana,31060,395,0.27033848885484757,0.003437981426196548,114893,26875,9.7,5.7
clay county,indiana,6826,87,0.2588056872037915,0.0032985781990521328,26375,24339,13.9,4.9
clinton county,indiana,9188,124,0.2830996764751194,0.0038206747804652597,32455,23722,13.3,5.2
crawford county,indiana,2548,38,0.2404227212681638,0.0035855821853179844,10598,19424,17.8,4.3
daviess county,indiana,7469,151,0.22787320377093695,0.004606888977026573,32777,21794,13.0,5.4
dearborn county,indiana,13431,139,0.27098297151158096,0.0028044548462593816,49564,30228,10.1,5.8
decatur county,indiana,7061,145,0.26665407854984896,0.00547583081570997,26480,25548,11.4,4.8
dekalb county,indiana,11342,149,0.26671996989935093,0.0035039036779230554,42524,26057,12.5,4.6
delaware county,indiana,24805,440,0.21395055978195243,0.003795131880832859,115938,23271,21.2,7.9
dubois county,indiana,12857,165,0.3033813917270346,0.003893437787583473,42379,28302,10.0,2.9
elkhart county,indiana,54150,728,0.26684867240937493,0.0035875500187262225,202924,23817,13.8,5.6
fayette county,indiana,6871,146,0.29330658242977886,0.00623239136002732,23426,22428,18.2,7.5
floyd county,indiana,18913,297,0.24729017664517985,0.0038833174252428707,76481,30663,10.8,5.1
fountain county,indiana,5404,101,0.32515042117930204,0.006077015643802647,16620,25383,12.6,6.3
franklin county,indiana,4400,65,0.1926866652069192,0.0028465075541931244,22835,26267,9.9,5.3
fulton county,indiana,4914,102,0.24211667323610564,0.005025620811982657,20296,23557,13.3,3.8
gibson county,indiana,11631,145,0.3462019288010477,0.004315989998809382,33596,27342,10.7,3.5
grant county,indiana,17684,345,0.26153959920136066,0.0051024181024920505,67615,21024,19.1,7.6
greene county,indiana,7205,139,0.22216397890906847,0.004286022632666276,32431,24744,12.9,6.2
hamilton county,indiana,81765,656,0.2640246442375689,0.0021182677994232885,309687,44443,5.0,3.3
hancock county,indiana,20657,258,0.2838435748048807,0.0035451247664065075,72776,31428,7.0,4.0
harrison county,indiana,10806,138,0.27391634980988594,0.0034980988593155894,39450,25993,12.9,6.6
hendricks county,indiana,40758,552,0.2576847695517481,0.003489915913257887,158170,33031,5.1,4.5
henry county,indiana,12979,229,0.2667886287487924,0.004707188225862813,48649,23293,16.1,7.0
howard county,indiana,25399,445,0.30802721418436274,0.005396752246625514,82457,26294,16.5,6.5
huntington county,indiana,11493,155,0.3147042716319825,0.004244249726177437,36520,24222,11.6,3.9
jackson county,indiana,12513,130,0.2858219694374015,0.00296946024349574,43779,23260,15.6,6.2
jasper county,indiana,9015,147,0.2695228414254963,0.004394881607270988,33448,24953,9.0,5.2
jay county,indiana,4851,78,0.229828966693514,0.003695456483631023,21107,20193,17.9,6.1
jefferson county,indiana,9349,154,0.289505465580776,0.004768835351314526,32293,25429,13.7,6.9
jennings county,indiana,6946,108,0.2494971264367816,0.003879310344827586,27840,22901,13.9,6.0
johnson county,indiana,42309,610,0.2832705093097838,0.00408411947053743,149359,31101,9.4,4.6
knox county,indiana,10741,153,0.28443185128300186,0.004051584884675476,37763,23441,15.6,5.4
kosciusko county,indiana,19737,236,0.25072408536585367,0.0029979674796747967,78720,27884,11.2,4.6
lagrange county,indiana,5849,102,0.15105888429752065,0.002634297520661157,38720,22780,9.1,2.9
lake county,indiana,106154,1813,0.21721977351880728,0.003709887987165793,488694,26590,16.8,8.5
laporte county,indiana,25421,365,0.22935067981486662,0.003293064715488231,110839,25004,16.6,8.0
lawrence county,indiana,11840,258,0.25925682629354707,0.005649346383761414,45669,25036,11.5,5.2
madison county,indiana,32665,647,0.2519650419234656,0.004990705101009712,129641,23680,17.4,6.8
marion county,indiana,224957,2966,0.23932512308982046,0.0031554399955742987,939964,26284,19.8,8.0
marshall county,indiana,12328,195,0.2636892539356605,0.004170944558521561,46752,24289,11.5,6.8
martin county,indiana,2164,25,0.2117624033662785,0.0024464233290928663,10219,25138,13.3,4.2
miami county,indiana,9261,159,0.2570001387539892,0.004412376855834605,36035,22890,16.0,7.8
monroe county,indiana,27629,279,0.19128887534963582,0.001931651388850425,144436,26738,24.7,6.3
montgomery county,indiana,10665,164,0.2785468031759298,0.00428332636857501,38288,25519,10.2,4.4
morgan county,indiana,16468,286,0.23683718522140568,0.004113154904865315,69533,27402,11.8,5.7
newton county,indiana,2561,68,0.18219977233921458,0.004837791690381332,14056,24315,14.0,7.1
noble county,indiana,13064,156,0.27548976191982455,0.0032896817865502625,47421,25260,9.3,5.7
ohio county,indiana,1444,19,0.24429030620876332,0.0032143461343258333,5911,27715,5.0,3.3
orange county,indiana,5035,96,0.25658665851296947,0.004892218315242318,19623,22715,15.0,4.6
owen county,indiana,5835,118,0.2784272558095147,0.005630576895548027,20957,24220,15.6,6.3
parke county,indiana,3605,49,0.2112882428789122,0.0028718790294221075,17062,21636,13.9,6.3
perry county,indiana,4665,68,0.24260231941338603,0.003536325341931458,19229,23003,14.5,3.9
pike county,indiana,3728,49,0.29893352577980914,0.003929115548071526,12471,25648,10.6,3.8
porter county,indiana,37589,558,0.22455807062506347,0.003333512554438411,167391,31879,11.0,5.7
posey county,indiana,6528,58,0.2550099613266143,0.002265713504433767,25599,30763,9.5,3.4
pulaski county,indiana,3070,86,0.24057675730742104,0.0067392837551916,12761,24445,13.2,6.9
putnam county,indiana,9323,127,0.24832858322456916,0.0033827877367285514,37543,23842,11.6,5.1
randolph county,indiana,5935,147,0.23548783874935522,0.005832638971551006,25203,23427,17.0,5.6
ripley county,indiana,8283,138,0.2919427604680671,0.004863950373607782,28372,25385,10.5,5.7
rush county,indiana,4906,58,0.2926334625708321,0.003459588428273188,16765,23749,18.3,4.7
st. joseph county,indiana,70553,863,0.2626566845238317,0.0032128005718263823,268613,25893,17.1,6.4
scott county,indiana,7864,106,0.3315066183289773,0.0044684259337324,23722,24186,13.7,5.6
shelby county,indiana,14677,181,0.3310178398249848,0.004082184983874242,44339,27317,10.6,4.9
spencer county,indiana,5221,60,0.25332362930616203,0.002911208151382824,20610,29114,9.7,5.7
starke county,indiana,4746,96,0.20665331359400854,0.004180092310371854,22966,22153,16.7,7.6
steuben county,indiana,9623,120,0.27925940973330626,0.003482399373168113,34459,26902,10.1,4.9
sullivan county,indiana,5276,76,0.2524401913875598,0.0036363636363636364,20900,22239,15.6,5.9
switzerland county,indiana,2310,20,0.2175755863238203,0.0018837713101629461,10617,21511,19.7,6.6
tippecanoe county,indiana,49917,392,0.26825414738742803,0.002106609487266298,186081,25481,20.9,5.2
tipton county,indiana,3528,87,0.23073904512753435,0.005689993459777633,15290,28507,9.4,3.8
union county,indiana,2046,21,0.2831833910034602,0.0029065743944636678,7225,22527,8.2,3.9
vanderburgh county,indiana,57248,621,0.3148418036528425,0.003415259224224692,181831,26917,18.0,5.2
vermillion county,indiana,4069,74,0.2600997187420097,0.0047302480184096135,15644,23891,13.4,5.1
vigo county,indiana,28832,410,0.26764943419696813,0.003806058130575643,107723,22932,19.9,7.9
wabash county,indiana,8718,154,0.2737377543330821,0.004835468475257473,31848,24700,13.3,5.5
warren county,indiana,2089,30,0.25263030596202685,0.0036280082234853065,8269,29312,9.5,4.7
warrick county,indiana,20248,237,0.3288027151231711,0.003848589662395869,61581,33528,7.7,3.4
washington county,indiana,5990,81,0.21541338511885497,0.0029129355917574713,27807,23223,13.3,7.0
wayne county,indiana,19198,334,0.2866571104342113,0.004987158812638118,66972,23895,18.2,6.5
wells county,indiana,6523,132,0.23437050876688703,0.004742742167289451,27832,25850,11.0,3.0
white county,indiana,6853,94,0.28226038963713496,0.003871658635034392,24279,26275,9.8,4.4
whitley county,indiana,9649,83,0.2881933036647651,0.0024790179504793762,33481,28073,9.5,3.6
adair county,iowa,1794,52,0.24944382647385985,0.007230255839822024,7192,28861,9.5,3.0
adams county,iowa,931,14,0.24597093791281374,0.0036988110964332895,3785,27022,11.2,4.2
allamakee county,iowa,3212,67,0.230416068866571,0.004806312769010043,13940,27377,11.4,3.3
appanoose county,iowa,3403,80,0.2712202120028692,0.006376026141707181,12547,25543,17.1,6.3
audubon county,iowa,1299,24,0.2274557870775696,0.004202416389423919,5711,31523,11.1,2.7
benton county,iowa,7143,82,0.2785229665444904,0.0031973797083365827,25646,32356,8.7,3.6
black hawk county,iowa,38500,520,0.28956077015643805,0.003910950661853189,132960,27669,15.9,5.3
boone county,iowa,6446,67,0.24434251923732989,0.0025397066070277853,26381,30190,9.4,4.4
bremer county,iowa,6323,87,0.25556768117699363,0.003516430217048624,24741,32105,7.7,3.6
buchanan county,iowa,5467,67,0.2590872470499028,0.0031752049665892614,21101,30974,7.8,3.2
buena vista county,iowa,6865,65,0.3370317639550297,0.003191123766507929,20369,26345,13.7,4.9
butler county,iowa,3774,61,0.25462150856834437,0.004115503980569424,14822,28584,9.4,3.2
calhoun county,iowa,3039,26,0.30965966985938453,0.002649276543713063,9814,27370,15.3,2.3
carroll county,iowa,5629,82,0.2755531623262189,0.004014098296455845,20428,29191,10.3,2.5
cass county,iowa,3267,87,0.2451414421850379,0.0065281008479027534,13327,26427,15.1,2.5
cedar county,iowa,4991,46,0.27172256097560976,0.002504355400696864,18368,30362,5.4,3.0
cerro gordo county,iowa,12665,180,0.29361988222747715,0.004173042147725692,43134,31292,11.3,4.1
cherokee county,iowa,3534,73,0.3052604301632547,0.006305605942817656,11577,30973,11.9,3.3
chickasaw county,iowa,3134,37,0.25815485996705106,0.0030477759472817135,12140,27973,8.9,2.5
clarke county,iowa,2657,42,0.2867163051688788,0.004532211071544189,9267,25879,15.4,4.4
clay county,iowa,4750,52,0.289863916519192,0.003173247086104839,16387,28514,11.8,3.4
clayton county,iowa,3986,80,0.22505787363785218,0.004516966856755689,17711,27719,10.4,3.0
clinton county,iowa,13727,167,0.28846113434341314,0.003509361800491731,47587,28091,13.1,4.2
crawford county,iowa,4987,59,0.29110968419823713,0.0034440488004202907,17131,27270,18.5,6.2
dallas county,iowa,26604,157,0.32899683419074,0.0019415314602295212,80864,42417,5.4,2.4
davis county,iowa,1809,35,0.20477699796241794,0.003961965134706815,8834,25747,13.7,3.5
decatur county,iowa,1823,28,0.22492288710672426,0.0034546576187538557,8105,21110,19.1,5.0
delaware county,iowa,4718,71,0.2723075147177652,0.004097887567817153,17326,30768,9.2,2.5
des moines county,iowa,11061,160,0.27738489316882337,0.004012438559534557,39876,27168,15.3,5.6
dickinson county,iowa,4660,77,0.2741176470588235,0.0045294117647058825,17000,36588,8.1,3.0
dubuque county,iowa,30647,325,0.3173520000828406,0.0033653995505897216,96571,30117,11.9,3.9
emmet county,iowa,2648,55,0.2740917089328227,0.005692992443846393,9661,29396,13.8,3.9
fayette county,iowa,4885,86,0.24256417895625404,0.004270321267193009,20139,27020,12.8,3.5
floyd county,iowa,4150,69,0.26094064386317906,0.004338531187122736,15904,28323,15.6,2.7
franklin county,iowa,2922,48,0.28297501452643814,0.004648460197559558,10326,25248,15.6,4.6
fremont county,iowa,1617,29,0.231496062992126,0.0041517537580529704,6985,29813,11.0,3.1
greene county,iowa,2028,28,0.22418748618173778,0.0030952907362370107,9046,27968,10.0,6.2
grundy county,iowa,3011,50,0.24372672818520316,0.0040472721385785984,12354,35662,5.8,2.9
guthrie county,iowa,2745,48,0.2574081020255064,0.00450112528132033,10664,30646,10.1,3.5
hamilton county,iowa,3951,87,0.2599171107164002,0.005723307677126505,15201,27963,9.4,2.3
hancock county,iowa,3244,51,0.29568863367058607,0.004648619086683074,10971,29147,9.1,1.7
hardin county,iowa,5002,70,0.29015604153373165,0.0040605603573293115,17239,28445,8.0,2.5
harrison county,iowa,3805,101,0.2680332488024796,0.007114680191603269,14196,29332,10.4,1.7
henry county,iowa,6435,82,0.32393657186005537,0.004127863075761389,19865,26340,12.2,5.5
howard county,iowa,2288,37,0.24546722454672246,0.003969531166183886,9321,27906,11.6,2.9
humboldt county,iowa,3035,43,0.3166075526809931,0.0044857083246401,9586,29587,13.0,3.3
ida county,iowa,2099,51,0.3013639626704953,0.007322325915290739,6965,30192,10.3,3.2
iowa county,iowa,4297,53,0.26474031174912205,0.0032653564167334113,16231,29881,9.8,2.1
jackson county,iowa,5481,74,0.28239476531506,0.0038126642279354937,19409,27672,12.0,4.7
jasper county,iowa,10313,124,0.28032835902035935,0.0033705727255429613,36789,27214,9.1,4.6
jefferson county,iowa,4334,60,0.24151574254667038,0.0033435497353023124,17945,26630,15.2,6.7
johnson county,iowa,44353,173,0.3071005712307426,0.0011978535572096244,144425,33039,17.7,3.3
jones county,iowa,6403,82,0.3128297830760211,0.0040062536642564,20468,29653,9.1,4.2
keokuk county,iowa,2459,54,0.2405360461704001,0.00528220678861391,10223,26638,11.2,5.3
kossuth county,iowa,4313,97,0.28438612686271925,0.006395885533430041,15166,29949,10.0,2.1
lee county,iowa,9102,148,0.26166451056489864,0.004254707488860141,34785,24408,16.3,7.6
linn county,iowa,63854,654,0.2902349005490709,0.002972619177484455,220008,32786,9.5,3.8
louisa county,iowa,2919,67,0.2597437266417512,0.005961914931482471,11238,27234,11.0,4.1
lucas county,iowa,2151,33,0.25011627906976747,0.0038372093023255815,8600,27234,9.9,4.2
lyon county,iowa,3117,55,0.265389527458493,0.004682843763303533,11745,28356,4.9,2.4
madison county,iowa,3644,45,0.23180661577608141,0.0028625954198473282,15720,31449,7.3,5.2
mahaska county,iowa,5723,95,0.2566252634411013,0.004259898659252948,22301,26575,14.4,5.6
marion county,iowa,8799,133,0.2656141515983941,0.004014851933468168,33127,27815,9.3,3.6
marshall county,iowa,11247,131,0.27786836643937146,0.003236485818756794,40476,25693,11.2,5.3
mills county,iowa,3971,46,0.2659211143105873,0.003080425902363892,14933,31309,9.1,3.2
mitchell county,iowa,2794,50,0.2620275719778674,0.00468911188220951,10663,27407,8.3,3.6
monona county,iowa,2050,53,0.23124647490129724,0.005978567399887197,8865,26829,14.9,3.2
monroe county,iowa,2173,52,0.27464610717896865,0.006572295247724975,7912,25929,10.9,5.6
montgomery county,iowa,2566,59,0.2506104111729661,0.005762281472800078,10239,25005,16.5,6.7
muscatine county,iowa,11155,139,0.25988397828669946,0.003238357057987559,42923,28028,10.5,3.5
o'brien county,iowa,3833,73,0.2748852553069421,0.00523522662076879,13944,32051,9.7,2.3
osceola county,iowa,1547,23,0.25158562367864695,0.0037404456009107172,6149,26776,11.4,1.7
page county,iowa,3796,54,0.24660559994802833,0.0035080880919898657,15393,25739,13.6,3.9
palo alto county,iowa,2367,41,0.2598243688254665,0.004500548847420417,9110,27902,7.1,1.3
plymouth county,iowa,7026,112,0.28073680425140846,0.004475166819834579,25027,30686,9.1,2.9
pocahontas county,iowa,1907,31,0.2735226620768789,0.00444635685599541,6972,27553,13.2,3.5
polk county,iowa,145914,1201,0.3122925294551992,0.002570440998640941,467235,33524,11.7,4.7
pottawattamie county,iowa,27734,349,0.29729758701641174,0.0037411429245232455,93287,29085,11.2,4.7
poweshiek county,iowa,4579,65,0.24848057304102453,0.003527241154764489,18428,27679,10.7,4.6
ringgold county,iowa,1310,42,0.2627356598475732,0.00842358604091456,4986,27621,10.9,5.0
sac county,iowa,2832,42,0.28502415458937197,0.004227053140096618,9936,29502,9.4,4.0
scott county,iowa,48359,439,0.28198818610672155,0.002559871248389147,171493,30798,12.3,4.2
shelby county,iowa,3120,56,0.2650356778797146,0.004757050628610262,11772,30799,8.7,3.7
sioux county,iowa,8792,96,0.25343018563357544,0.002767208578346593,34692,27339,7.9,2.2
story county,iowa,22987,101,0.2397275988653429,0.0010533121975638245,95888,27392,22.0,4.4
tama county,iowa,4595,100,0.26659317707124625,0.0058018101647714084,17236,27074,11.8,3.8
taylor county,iowa,1519,25,0.2444480205986482,0.004023173479240425,6214,27344,11.0,2.8
union county,iowa,3144,54,0.25158037929102983,0.004321037048891734,12497,25098,13.8,4.3
van buren county,iowa,1681,28,0.23002189381499727,0.0038314176245210726,7308,24952,14.0,4.8
wapello county,iowa,10321,220,0.29220576993856345,0.006228589224540642,35321,23413,17.0,6.3
warren county,iowa,14388,152,0.2958667489204195,0.0031256426074439646,48630,33013,6.2,3.8
washington county,iowa,6732,88,0.30468431771894094,0.0039828015388096855,22095,28397,9.1,3.6
wayne county,iowa,1506,34,0.2351288056206089,0.005308352849336456,6405,23367,15.9,2.6
webster county,iowa,11996,185,0.3246988767086209,0.005007443497090269,36945,24629,16.2,5.7
winnebago county,iowa,3433,47,0.3255571360834519,0.004457088667614984,10545,26558,10.1,7.0
winneshiek county,iowa,4453,55,0.2164277035236938,0.0026731470230862697,20575,29052,8.0,2.0
woodbury county,iowa,32721,356,0.31955037745246445,0.003476664355401037,102397,25699,14.0,4.8
worth county,iowa,2028,17,0.27032791255665156,0.0022660623833644362,7502,26781,10.1,6.2
wright county,iowa,4009,70,0.3116449004975124,0.005441542288557214,12864,28200,12.6,5.8
allen county,kansas,5021,53,0.3937421580928482,0.0041562107904642405,12752,23011,14.2,3.6
anderson county,kansas,2540,29,0.3239795918367347,0.003698979591836735,7840,21887,13.6,4.2
atchison county,kansas,4949,34,0.30055872707397063,0.002064860925543544,16466,25494,18.5,6.3
barber county,kansas,1211,8,0.24689092762487258,0.0016309887869520897,4905,28840,15.9,2.5
barton county,kansas,7553,96,0.27904828758266526,0.0035467543503158827,27067,26264,15.7,4.2
bourbon county,kansas,5438,52,0.36850308328250997,0.003523751439994579,14757,20707,17.6,2.2
brown county,kansas,3115,46,0.3199465899753492,0.004724732949876746,9736,24319,13.2,3.4
butler county,kansas,22135,184,0.33406278297615455,0.0027769393299124662,66260,28478,10.8,4.5
chase county,kansas,785,7,0.2945590994371482,0.002626641651031895,2665,24469,12.6,4.8
chautauqua county,kansas,981,17,0.2864233576642336,0.004963503649635037,3425,23621,14.3,6.2
cherokee county,kansas,7257,84,0.35398273254963175,0.004097361104336374,20501,21006,13.7,5.4
cheyenne county,kansas,724,14,0.27045199850579005,0.005229734777736272,2677,27934,11.2,1.7
clark county,kansas,568,8,0.27190043082814747,0.003829583532790809,2089,27087,8.9,1.5
clay county,kansas,2415,35,0.2944044861635987,0.004266731683530416,8203,28115,9.4,3.3
cloud county,kansas,2608,36,0.28375584811228377,0.003916875204003917,9191,25579,11.9,5.0
coffey county,kansas,2785,42,0.3344140249759846,0.005043227665706052,8328,31679,11.3,3.7
comanche county,kansas,543,16,0.311889718552556,0.009190120620333142,1741,28388,8.1,1.8
cowley county,kansas,12291,152,0.3439773872159409,0.00425389007052502,35732,23130,16.0,5.2
crawford county,kansas,14793,128,0.3783472723087547,0.003273741016394281,39099,21207,21.1,5.4
decatur county,kansas,776,20,0.2684192320996195,0.0069180214458664825,2891,30890,17.5,2.8
dickinson county,kansas,5803,78,0.3028389520926834,0.004070556309362279,19162,24434,11.6,5.4
doniphan county,kansas,2803,34,0.35982028241335046,0.0043645699614890884,7790,24520,13.7,4.5
douglas county,kansas,33273,136,0.2824389250123084,0.0011544403510856832,117806,29438,18.7,4.7
edwards county,kansas,667,13,0.22640868974881195,0.004412763068567549,2946,27966,10.2,2.9
elk county,kansas,678,10,0.26268888027896165,0.0038744672607516468,2581,21156,13.5,6.9
ellis county,kansas,8301,81,0.28746060878900165,0.0028050005194445405,28877,29339,16.7,2.8
ellsworth county,kansas,2406,32,0.38003474964460593,0.005054493760859264,6331,24102,11.4,3.0
finney county,kansas,12874,112,0.347036148475618,0.00301911205757878,37097,23074,16.2,4.7
ford county,kansas,11997,113,0.34615384615384615,0.0032604304922384444,34658,22053,16.2,6.3
franklin county,kansas,8047,81,0.3143482167272159,0.003164186101019571,25599,25701,12.5,5.4
geary county,kansas,11203,75,0.3129679293775841,0.0020952061682869595,35796,21583,14.9,8.0
gove county,kansas,918,23,0.3487841945288754,0.008738601823708206,2632,29352,9.0,1.2
graham county,kansas,746,15,0.29129246388129637,0.005857087075361187,2561,27165,12.3,1.7
grant county,kansas,2748,36,0.3561430793157076,0.004665629860031105,7716,26138,10.0,4.6
gray county,kansas,1384,23,0.23051299133910727,0.0038307794803464357,6004,27031,8.5,2.8
greeley county,kansas,390,3,0.32231404958677684,0.0024793388429752068,1210,25775,11.5,1.1
greenwood county,kansas,2140,23,0.3436646860446443,0.0036935924201059902,6227,24837,12.4,3.9
hamilton county,kansas,544,3,0.2075543685616177,0.0011446012972148034,2621,21694,9.3,1.9
harper county,kansas,1887,27,0.32840236686390534,0.004698920988513749,5746,25698,16.8,3.7
harvey county,kansas,11583,123,0.3339676498572788,0.0035464060202404636,34683,26587,11.2,2.9
haskell county,kansas,1104,11,0.2705219308992894,0.0026954177897574125,4081,24141,13.3,3.6
hodgeman county,kansas,491,10,0.2618666666666667,0.005333333333333333,1875,28857,8.4,2.8
jackson county,kansas,4570,29,0.3430415853475454,0.002176850322774358,13322,25920,9.9,5.6
jefferson county,kansas,5611,61,0.29757106491302504,0.0032350445481544336,18856,27783,8.3,5.8
jewell county,kansas,936,13,0.31589605129935877,0.004387445156935539,2963,24361,14.2,2.2
johnson county,kansas,174328,1199,0.30119022731631295,0.0020715380349241616,578797,43061,5.6,3.5
kearny county,kansas,1365,20,0.3472398880691936,0.005087763927753753,3931,24232,13.2,3.9
kingman county,kansas,2266,28,0.2991024287222809,0.003695881731784583,7576,30927,7.6,4.7
kiowa county,kansas,755,7,0.2991283676703645,0.0027733755942947703,2524,24961,8.7,3.0
labette county,kansas,7771,74,0.3780956551355033,0.0036004476232180216,20553,22841,17.8,4.7
lane county,kansas,366,12,0.21504112808460635,0.007050528789659225,1702,29768,10.7,3.5
leavenworth county,kansas,23665,183,0.2982018422611172,0.0023059766378104563,79359,30170,9.0,4.2
lincoln county,kansas,725,10,0.23229734059596283,0.0032041012495994873,3121,25667,8.4,6.0
linn county,kansas,3384,28,0.35242657779629244,0.0029160591543428453,9602,25796,17.4,5.8
logan county,kansas,1008,13,0.36129032258064514,0.004659498207885305,2790,28549,8.9,3.0
lyon county,kansas,11754,120,0.3529517746681881,0.003603387183952916,33302,24307,18.6,5.8
mcpherson county,kansas,9312,126,0.3234231731036399,0.0043762156154487355,28792,29508,7.6,2.5
marion county,kansas,3931,43,0.32522544882932075,0.0035575411599238853,12087,25620,10.7,3.9
marshall county,kansas,2919,42,0.29607465260168375,0.004260066943909118,9859,27908,8.9,4.1
meade county,kansas,1347,20,0.31362048894062866,0.004656577415599534,4295,25173,12.2,2.8
miami county,kansas,9377,93,0.28435832120329935,0.002820232896652111,32976,31611,7.7,4.4
mitchell county,kansas,1735,22,0.2784911717495987,0.003531300160513644,6230,26108,14.8,3.8
montgomery county,kansas,10789,154,0.32241580252816543,0.004602097839404715,33463,22823,17.5,5.8
morris county,kansas,1740,28,0.31043710972346117,0.0049955396966993755,5605,26569,9.8,2.3
morton county,kansas,712,11,0.24292050494711703,0.0037529853292391675,2931,23038,8.0,8.7
nemaha county,kansas,3742,60,0.370678553739475,0.005943536404160475,10095,27438,10.8,1.8
neosho county,kansas,6011,66,0.3708433586279228,0.0040718119563205625,16209,23589,21.4,2.9
ness county,kansas,883,18,0.29423525491502833,0.005998000666444518,3001,30761,8.9,2.6
norton county,kansas,2425,37,0.43875520173692784,0.006694409263614981,5527,22935,11.6,2.5
osage county,kansas,4736,49,0.297974078268529,0.0030829243739776014,15894,27209,12.8,7.0
osborne county,kansas,1000,17,0.2714440825190011,0.004614549402823019,3684,26559,15.5,2.8
ottawa county,kansas,1429,17,0.23988584858150075,0.0028537854624811148,5957,28839,9.7,3.3
pawnee county,kansas,2556,24,0.3772136953955136,0.0035419126328217238,6776,24404,7.8,1.2
phillips county,kansas,1667,30,0.3060962174072714,0.005508630187293426,5446,24795,8.1,1.8
pottawatomie county,kansas,6964,55,0.3003277557357254,0.0023719165085388993,23188,27978,9.7,3.9
pratt county,kansas,2233,30,0.2309203722854188,0.0031023784901758012,9670,27063,10.9,4.1
rawlins county,kansas,762,9,0.30238095238095236,0.0035714285714285713,2520,27615,8.7,1.5
reno county,kansas,22234,228,0.35091540404040406,0.0035984848484848487,63360,25267,14.0,5.0
republic county,kansas,1537,16,0.32667375132837406,0.0034006376195536664,4705,27121,11.7,2.6
rice county,kansas,3036,23,0.30766112687474667,0.0023307661126874745,9868,23355,16.4,6.5
riley county,kansas,16092,81,0.21258719086873812,0.0010700697526949904,75696,26619,22.0,5.6
rooks county,kansas,1580,20,0.30691530691530694,0.003885003885003885,5148,25415,11.3,3.4
rush county,kansas,920,18,0.2949663353638987,0.005771080474511061,3119,25983,6.7,4.9
russell county,kansas,2132,37,0.3051381136396164,0.005295548876484901,6987,25686,13.8,4.8
saline county,kansas,16697,239,0.301749376513536,0.004319225069577475,55334,27951,12.6,4.2
scott county,kansas,1554,34,0.31198554507127085,0.006825938566552901,4981,31825,4.3,5.4
sedgwick county,kansas,168057,1360,0.32921110162120654,0.0026641383471372264,510484,27583,14.7,5.6
seward county,kansas,7955,59,0.3466533031200976,0.002571030155133345,22948,21158,18.8,7.3
shawnee county,kansas,59351,612,0.33269989685636125,0.0034306471142203686,178392,28584,13.2,5.4
sheridan county,kansas,896,18,0.35883059671605927,0.007208650380456548,2497,30165,4.8,2.1
sherman county,kansas,1779,20,0.2965494249041507,0.003333888981496916,5999,25653,16.5,4.1
smith county,kansas,816,7,0.22095857026807472,0.0018954779312212293,3693,28122,13.3,3.0
stafford county,kansas,1367,26,0.3215713949658904,0.0061162079510703364,4251,25941,14.5,3.7
stanton county,kansas,517,8,0.24537256763170384,0.0037968675842429997,2107,21062,10.8,2.1
stevens county,kansas,1832,20,0.31910816930848285,0.003483713638738896,5741,24691,16.8,4.5
sumner county,kansas,6561,70,0.28115358244772026,0.002999657182036339,23336,25393,11.8,5.1
thomas county,kansas,2946,28,0.3754301006754174,0.003568242640499554,7847,26718,11.1,1.9
trego county,kansas,903,10,0.31148671955846846,0.0034494653328734047,2899,33233,4.8,0.8
wabaunsee county,kansas,1947,22,0.28143972246313964,0.003180109858340561,6918,25790,6.1,4.3
wallace county,kansas,484,5,0.30421118793211815,0.0031426775612822125,1591,29931,10.6,5.4
washington county,kansas,1591,22,0.2855348169418521,0.003948312993539124,5572,26927,9.7,2.2
wichita county,kansas,588,8,0.2726008344923505,0.0037088548910523874,2157,27111,4.4,2.3
wilson county,kansas,3387,43,0.3823662226236171,0.0048543689320388345,8858,25107,16.8,5.1
woodson county,kansas,1012,15,0.3184392699811202,0.004719949653870359,3178,21419,20.6,5.5
wyandotte county,kansas,53736,477,0.32921024095278356,0.0029223106471355843,163227,20192,21.4,8.3
adair county,kentucky,7803,115,0.4042167426440116,0.00595731454620804,19304,18408,21.5,6.2
allen county,kentucky,8512,125,0.41264300950164823,0.00605972464611208,20628,21652,20.0,7.5
anderson county,kentucky,8489,79,0.3855656992324113,0.0035881364400236183,22017,24991,12.0,6.3
ballard county,kentucky,1742,37,0.21368989205103042,0.004538763493621197,8152,25063,18.2,4.7
barren county,kentucky,17288,239,0.39817587175825697,0.00550462941637109,43418,20493,22.9,7.6
bath county,kentucky,4646,53,0.38116334399868734,0.004348182787759456,12189,20059,24.0,7.8
bell county,kentucky,11139,172,0.40551166769813246,0.0062616039899523095,27469,14754,38.0,9.0
boone county,kentucky,47219,353,0.36981720211149577,0.002764681004370232,127682,33553,7.6,4.9
bourbon county,kentucky,7807,74,0.3900184842883549,0.0036968576709796672,20017,25994,16.6,6.9
boyd county,kentucky,22874,210,0.47176504558016746,0.004331147135255537,48486,26420,19.3,9.3
boyle county,kentucky,11425,165,0.38373694286769894,0.005541933967017096,29773,23822,15.5,4.9
bracken county,kentucky,2752,29,0.3303721488595438,0.003481392557022809,8330,22433,21.4,7.6
breathitt county,kentucky,5389,72,0.40592045796926784,0.005423320277191925,13276,16875,36.0,11.9
breckinridge county,kentucky,6685,89,0.33440048021609725,0.004452003401530688,19991,20735,17.7,9.8
bullitt county,kentucky,29123,258,0.3704179491745313,0.0032815242552974994,78622,26643,10.2,5.9
butler county,kentucky,4746,58,0.3726737338044758,0.0045543776992540246,12735,21787,22.0,5.4
caldwell county,kentucky,5077,66,0.3982897936769436,0.0051776888679689334,12747,25272,17.5,6.9
calloway county,kentucky,11782,105,0.30510669152682823,0.0027190801740211313,38616,21757,22.4,5.7
campbell county,kentucky,30133,212,0.32823188532090103,0.002309267570040521,91804,31065,14.2,5.4
carlisle county,kentucky,1356,24,0.2773006134969325,0.0049079754601227,4890,24015,17.3,7.0
carroll county,kentucky,4321,54,0.4040205703599813,0.005049088359046283,10695,22296,27.7,10.3
carter county,kentucky,12042,122,0.4397297790761366,0.004454993609640314,27385,18477,21.5,10.0
casey county,kentucky,5388,84,0.3409047769693135,0.005314773805757672,15805,18319,26.6,7.5
christian county,kentucky,20105,235,0.2775476959606836,0.0032441536210276374,72438,21393,19.7,8.0
clark county,kentucky,14495,83,0.405375171295131,0.0023212238163156864,35757,26219,15.0,6.7
clay county,kentucky,9730,110,0.46630882775807536,0.00527173392121154,20866,15388,39.5,9.1
clinton county,kentucky,4759,58,0.46620297805642635,0.005681818181818182,10208,19325,20.0,7.4
crittenden county,kentucky,2845,58,0.3107930959143544,0.00633602796591654,9154,22765,17.7,4.4
cumberland county,kentucky,2772,35,0.4110320284697509,0.005189798339264531,6744,18669,20.7,5.1
daviess county,kentucky,38783,447,0.3907292107437184,0.0045034153418364265,99258,26501,15.8,6.0
edmonson county,kentucky,3288,57,0.2725690126834121,0.004725192738124845,12063,21851,20.0,9.3
elliott county,kentucky,3680,22,0.4885171910261516,0.0029204832072215587,7533,13436,34.4,5.0
estill county,kentucky,5296,58,0.36823807537199277,0.004032818801279377,14382,17728,30.4,12.4
fayette county,kentucky,122877,724,0.38995077893681235,0.0022976176497656368,315109,31653,18.6,6.1
fleming county,kentucky,4981,74,0.343162245952463,0.005098174302445746,14515,23351,19.5,9.5
floyd county,kentucky,16922,254,0.45189200737041685,0.006782919860068897,37447,18366,30.7,11.6
franklin county,kentucky,18545,191,0.3711301006624107,0.003822369869318978,49969,28001,13.1,7.2
fulton county,kentucky,1476,35,0.23582041859722,0.005591947595462534,6259,18111,25.3,7.6
gallatin county,kentucky,2799,57,0.3235090152565881,0.006588072122052704,8652,22508,13.4,6.0
garrard county,kentucky,6014,93,0.3491234180889353,0.00539881574364333,17226,24874,18.2,8.9
grant county,kentucky,9976,74,0.40225806451612905,0.0029838709677419356,24800,20892,21.5,4.9
graves county,kentucky,13659,205,0.36659599023054834,0.005502026356048203,37259,22112,19.2,7.7
grayson county,kentucky,10065,151,0.38520417926441886,0.0057790194802709634,26129,19520,25.7,6.4
green county,kentucky,4827,51,0.43706990220934444,0.0046178920680912715,11044,23448,19.0,5.1
greenup county,kentucky,16765,159,0.4655392646895479,0.00441519493502166,36012,25378,16.5,8.7
hancock county,kentucky,3153,30,0.3624137931034483,0.0034482758620689655,8700,22438,15.7,6.2
hardin county,kentucky,43711,491,0.4058626356790685,0.004559002404850555,107699,26436,14.2,6.4
harlan county,kentucky,12804,233,0.4647887323943662,0.008457964280528533,27548,15457,35.6,10.7
harrison county,kentucky,8524,91,0.4575415995705851,0.004884594739667203,18630,22497,16.4,6.9
hart county,kentucky,6888,110,0.37170147320705843,0.005935999136581944,18531,19715,23.1,6.6
henderson county,kentucky,17657,185,0.3817564645853152,0.0039998270345066155,46252,23958,19.3,4.8
henry county,kentucky,6386,61,0.4073483447088091,0.0038910505836575876,15677,23932,18.2,6.5
hickman county,kentucky,1100,31,0.23783783783783785,0.006702702702702703,4625,19764,14.8,8.5
hopkins county,kentucky,19721,283,0.4288572360552354,0.006154180711101446,45985,23288,17.2,5.9
jackson county,kentucky,5219,84,0.39038073154312214,0.006283192460169048,13369,16827,33.0,8.6
jefferson county,kentucky,282746,2676,0.36990337241521865,0.0035008856874478335,764378,31039,15.0,6.4
jessamine county,kentucky,19107,168,0.36981051735150094,0.003251591925213386,51667,28195,18.0,6.9
johnson county,kentucky,9070,138,0.39325355532431494,0.005983350676378772,23064,19925,24.1,9.2
kenton county,kentucky,54074,472,0.32974565056986227,0.002878276936586437,163987,30195,12.9,5.3
knott county,kentucky,6064,77,0.38648820905035053,0.004907584448693435,15690,17670,32.6,13.6
knox county,kentucky,14999,174,0.47731033604887985,0.005537169042769858,31424,15869,34.7,10.7
larue county,kentucky,4817,80,0.34158275421925965,0.005672954190894908,14102,21879,15.8,6.3
laurel county,kentucky,26976,288,0.4503430660589973,0.0048079330895978364,59901,20446,24.6,9.9
lawrence county,kentucky,5548,80,0.35016409997475384,0.005049229992426155,15844,18885,24.5,7.8
lee county,kentucky,3505,59,0.5218103319934495,0.008783683191901146,6717,16489,32.7,10.3
leslie county,kentucky,5217,60,0.4899511645379414,0.005634861006761833,10648,15112,34.5,14.6
letcher county,kentucky,9847,138,0.427925774629525,0.005997131806527313,23011,18085,30.5,12.2
lewis county,kentucky,5744,94,0.42344268337633617,0.006929598230740877,13565,19346,26.1,7.0
lincoln county,kentucky,8904,151,0.36472371277598004,0.006185229181173964,24413,19351,23.8,8.7
livingston county,kentucky,3101,66,0.33387166236003446,0.0071059431524547806,9288,24464,16.2,5.9
logan county,kentucky,10322,140,0.38447498789436435,0.005214735352180877,26847,21465,17.4,6.2
lyon county,kentucky,3619,41,0.43771165940977264,0.004958877600387035,8268,27098,14.1,3.4
mccracken county,kentucky,23942,311,0.36673048939266295,0.004763728268361798,65285,29881,17.1,4.9
mccreary county,kentucky,7713,91,0.4345841784989858,0.005127338291638494,17748,11492,41.0,15.8
mclean county,kentucky,3337,62,0.3564790086529217,0.0066232240145283625,9361,22884,19.2,7.1
madison county,kentucky,35443,310,0.40104779578166017,0.003507739657825654,88376,23733,19.5,6.9
magoffin county,kentucky,5143,62,0.40233122115309394,0.0048501916607994995,12783,17279,28.6,10.3
marion county,kentucky,8038,92,0.4157227825187484,0.004758210499094906,19335,21823,18.4,9.4
marshall county,kentucky,10247,129,0.3286717772717067,0.00413766558681079,31177,27391,10.8,6.3
martin county,kentucky,4230,54,0.34743326488706366,0.004435318275154004,12175,14914,29.8,15.4
mason county,kentucky,6310,117,0.36756567833634296,0.006815401642686549,17167,25285,18.0,5.8
meade county,kentucky,7464,69,0.26233656684943063,0.002425137072964994,28452,25119,13.1,8.2
menifee county,kentucky,2364,36,0.3704748472026328,0.005641748942172073,6381,19744,20.1,5.4
mercer county,kentucky,9449,118,0.44199644494339974,0.0055196931424829265,21378,24981,16.7,9.1
metcalfe county,kentucky,3720,77,0.37237237237237236,0.007707707707707708,9990,18449,23.1,5.8
monroe county,kentucky,4501,90,0.42282761860028184,0.008454673555659934,10645,21985,23.5,7.7
montgomery county,kentucky,11351,128,0.41201451905626135,0.0046460980036297644,27550,21371,23.0,7.9
morgan county,kentucky,6720,36,0.5059859950304947,0.0027106392590919358,13281,17089,25.6,8.1
muhlenberg county,kentucky,13284,135,0.4264115815491285,0.004333451032003339,31153,20376,20.5,9.6
nelson county,kentucky,19224,171,0.42595998316013384,0.0037889698876603663,45131,28156,11.4,5.9
nicholas county,kentucky,2717,35,0.38478968984563094,0.004956804985129585,7061,21519,27.8,6.8
ohio county,kentucky,8956,123,0.37220513673011385,0.005111794530795445,24062,21368,21.3,10.0
oldham county,kentucky,23641,164,0.36577290238732535,0.0025374034935713953,64633,38063,5.6,3.5
owen county,kentucky,3126,40,0.29253228523301517,0.0037432154220475387,10686,22802,16.7,5.3
owsley county,kentucky,2094,34,0.4656437625083389,0.00756059595285746,4497,16582,33.0,12.5
pendleton county,kentucky,4367,43,0.30055058499655884,0.0029593943565037854,14530,23191,15.1,4.8
perry county,kentucky,15989,210,0.5850561674411797,0.0076841450473855615,27329,19890,26.2,13.1
pike county,kentucky,25157,366,0.4084856948007664,0.0059429091027181505,61586,20576,26.4,10.9
powell county,kentucky,6473,51,0.5241719977326099,0.004129889059842903,12349,19302,24.1,5.4
pulaski county,kentucky,22113,328,0.34565604776940634,0.0051270828774189516,63974,21036,25.2,8.6
robertson county,kentucky,878,22,0.4062933826931976,0.01018047200370199,2161,21764,30.4,5.9
rockcastle county,kentucky,6652,69,0.3955991674100505,0.004103479036574487,16815,19750,21.0,9.7
rowan county,kentucky,9776,79,0.40078714332568055,0.003238766808789767,24392,19032,26.7,4.5
russell county,kentucky,8367,100,0.4718853984546839,0.005639839828548869,17731,18857,25.3,9.4
scott county,kentucky,22857,124,0.4368525667979053,0.002369939987003555,52322,30702,11.5,4.8
shelby county,kentucky,16888,186,0.36848421374179047,0.004058388427047195,45831,30240,12.4,4.4
simpson county,kentucky,7513,104,0.420166657345786,0.0058162295173648,17881,22663,17.4,5.1
spencer county,kentucky,7070,67,0.3925161003775261,0.0037197423939595827,18012,30779,8.7,5.6
taylor county,kentucky,11828,145,0.46555931669684325,0.005707313233094545,25406,19885,23.1,7.6
todd county,kentucky,3556,48,0.28730710188252406,0.003878161105275915,12377,19555,20.1,6.9
trigg county,kentucky,5094,50,0.35657286854262915,0.003499930001399972,14286,26224,15.8,10.4
trimble county,kentucky,2751,48,0.3163159710244912,0.005519144532597447,8697,26542,15.2,10.5
union county,kentucky,5450,63,0.3654039557492457,0.00422393563526651,14915,21758,22.9,7.3
warren county,kentucky,55172,427,0.44556790282982295,0.003448442951285696,123824,25840,18.0,5.6
washington county,kentucky,5085,71,0.42378531544295356,0.005917159763313609,11999,22611,17.0,5.7
wayne county,kentucky,8319,106,0.40203943553063987,0.005122752754687802,20692,17627,23.2,10.1
webster county,kentucky,4899,52,0.37169954476479516,0.0039453717754172985,13180,21150,21.4,6.1
whitley county,kentucky,17160,234,0.4763094345907236,0.006495128653509868,36027,18463,25.2,9.2
wolfe county,kentucky,3563,30,0.4913804992414839,0.004137360364087712,7251,13533,36.9,10.5
woodford county,kentucky,9505,60,0.368168261223225,0.0023240500445442925,25817,31208,14.5,3.8
acadia parish,louisiana,18241,301,0.2913571964796269,0.004807769099301995,62607,21591,21.5,8.9
allen parish,louisiana,8819,143,0.343592940351424,0.005571356216153037,25667,20103,16.6,9.4
ascension parish,louisiana,40002,302,0.3357872558319133,0.0025350670281795366,119129,31520,11.7,6.3
assumption parish,louisiana,6402,72,0.2797954634849875,0.0031467156155762423,22881,25765,15.7,6.9
avoyelles parish,louisiana,13560,215,0.32996714928823456,0.005231780021900475,41095,20199,23.7,7.7
beauregard parish,louisiana,10652,144,0.2910541559648068,0.003934641237226078,36598,24551,17.3,7.4
bienville parish,louisiana,4707,115,0.3409387222946545,0.008329711719542228,13806,22701,25.3,7.4
bossier parish,louisiana,47109,522,0.37477923276424446,0.004152810705023151,125698,27235,16.4,5.8
caddo parish,louisiana,81999,1222,0.326599460706021,0.004867187904520271,251069,25565,23.4,7.0
calcasieu parish,louisiana,63247,731,0.31821909606395876,0.0036779319054303585,198753,26569,16.8,6.6
caldwell parish,louisiana,4286,55,0.4286,0.0055,10000,20961,26.2,9.4
cameron parish,louisiana,1325,10,0.19468116367910668,0.0014692918013517484,6806,29681,8.7,3.0
catahoula parish,louisiana,3002,59,0.2988849064117881,0.005874153723616089,10044,20717,21.8,5.6
claiborne parish,louisiana,3873,81,0.23766568483063327,0.004970544918998527,16296,16384,29.9,9.4
concordia parish,louisiana,5943,91,0.294047795754787,0.004502498639354807,20211,17551,31.2,9.2
de soto parish,louisiana,9072,142,0.33397143277867763,0.005227506994551613,27164,23471,26.3,10.6
east baton rouge parish,louisiana,129335,1395,0.28988024663410783,0.0031266319561957744,446167,30162,19.1,6.9
east carroll parish,louisiana,3041,38,0.4155506969117245,0.005192675594424706,7318,14694,48.2,6.9
east feliciana parish,louisiana,7878,177,0.402904925075436,0.00905231933718611,19553,21138,17.9,6.1
evangeline parish,louisiana,9858,161,0.2920888888888889,0.00477037037037037,33750,18655,26.4,11.9
franklin parish,louisiana,8458,186,0.4148518736511674,0.009123013537374927,20388,18786,28.8,8.8
grant parish,louisiana,6852,97,0.30719569603227975,0.004348800717327953,22305,18509,20.2,7.9
iberia parish,louisiana,23088,271,0.31478199220134706,0.0036948163499031985,73346,23410,20.4,11.2
iberville parish,louisiana,10948,155,0.3305355956765896,0.004679669102107361,33122,22252,19.3,7.5
jackson parish,louisiana,5246,81,0.3288615847542628,0.005077733199598797,15952,20109,25.4,6.2
jefferson parish,louisiana,134046,1409,0.30671474791665715,0.003223975947171642,437038,28839,16.3,5.9
jefferson davis parish,louisiana,7913,171,0.25196624741283236,0.005444992835535743,31405,23068,19.6,9.1
lafayette parish,louisiana,73077,520,0.3067497796247324,0.002182764555261722,238230,30656,16.6,5.1
lafourche parish,louisiana,32723,392,0.33352698956294846,0.003995433789954338,98112,26331,16.0,7.0
lasalle parish,louisiana,4893,67,0.3277294038847957,0.0044876088412592096,14930,18836,24.8,6.1
lincoln parish,louisiana,14664,156,0.30848199259508585,0.0032817233254796366,47536,21934,31.2,8.8
livingston parish,louisiana,41872,480,0.30542101884810646,0.003501196242049367,137096,27280,13.2,5.8
madison parish,louisiana,3729,64,0.3210227272727273,0.005509641873278237,11616,15134,36.4,12.3
morehouse parish,louisiana,8163,142,0.3104982883225561,0.005401293267402054,26290,18776,27.6,6.1
natchitoches parish,louisiana,12223,181,0.3130009474789378,0.00463496453355868,39051,18219,31.9,13.6
orleans parish,louisiana,106755,1169,0.2750127517504676,0.0030114739993096023,388182,29275,25.4,8.7
ouachita parish,louisiana,59554,806,0.38069972448268585,0.005152365549468463,156433,22538,24.5,7.0
plaquemines parish,louisiana,7435,48,0.3178165341540566,0.0020518081559374197,23394,26177,19.3,3.0
pointe coupee parish,louisiana,7437,96,0.3339320192178169,0.004310538368281622,22271,27160,17.5,8.3
rapides parish,louisiana,37952,604,0.2873410054512417,0.004572986069049061,132080,23486,19.5,7.7
red river parish,louisiana,2425,58,0.2780006878367534,0.006649088616301731,8723,25154,20.4,4.7
richland parish,louisiana,8294,104,0.4022503516174402,0.005043891556331539,20619,19975,28.2,7.0
sabine parish,louisiana,7688,122,0.31840960861462,0.005052805963967695,24145,22980,19.6,9.5
st. bernard parish,louisiana,13411,117,0.2975791599174562,0.002596134643974527,45067,20431,19.7,10.7
st. charles parish,louisiana,16257,152,0.308318161128812,0.00288271885905022,52728,30378,12.2,7.3
st. helena parish,louisiana,2137,25,0.20334950994385764,0.002378913312398896,10509,21148,26.4,15.7
st. james parish,louisiana,6939,78,0.3229695136141494,0.003630439841750058,21485,25724,15.6,8.2
st. john the baptist parish,louisiana,12545,187,0.2879605187650637,0.004292436589004935,43565,23380,17.9,7.3
st. landry parish,louisiana,26159,426,0.3129815745393635,0.005096913137114142,83580,19205,27.9,5.5
st. martin parish,louisiana,14540,197,0.27122311552164746,0.0036747561043854577,53609,23654,17.7,6.4
st. mary parish,louisiana,14665,281,0.27891893948039104,0.005344440640572102,52578,22212,19.5,8.5
st. tammany parish,louisiana,86174,911,0.34580118057311166,0.003655683564672694,249201,33149,10.8,6.4
tangipahoa parish,louisiana,41454,645,0.3217229336437718,0.0050058207217694994,128850,23520,21.9,8.9
tensas parish,louisiana,1248,13,0.2615803814713896,0.0027247956403269754,4771,16194,38.0,15.3
terrebonne parish,louisiana,36843,432,0.3258510440712144,0.0038207434529968958,113067,24017,20.1,6.1
union parish,louisiana,8423,142,0.37374095931135465,0.006300749877978435,22537,20742,22.0,6.6
vermilion parish,louisiana,18067,241,0.3019167460436824,0.00402733911532227,59841,23608,17.9,7.3
vernon parish,louisiana,11209,195,0.2159480599545332,0.003756791122413594,51906,22583,16.9,8.7
washington parish,louisiana,15342,264,0.3302977459148744,0.005683653038816767,46449,18345,26.3,12.3
webster parish,louisiana,13751,195,0.3434058387233724,0.004869765002622181,40043,19256,24.9,6.5
west baton rouge parish,louisiana,8534,93,0.33443059800924835,0.0036444862450035267,25518,28140,17.9,5.7
west carroll parish,louisiana,4331,71,0.3841582401986872,0.006297676068830939,11274,22857,22.0,10.2
west feliciana parish,louisiana,3102,48,0.2017429760665973,0.003121748178980229,15376,23041,12.5,4.5
winn parish,louisiana,5241,68,0.3582120155833504,0.004647665914838357,14631,18417,27.3,6.0
androscoggin county,maine,28899,351,0.26928631996794544,0.0032706840481936694,107317,26276,14.3,5.2
aroostook county,maine,18796,212,0.27303893085415454,0.0030796048808832076,68840,23631,17.5,5.3
cumberland county,maine,67752,527,0.23429573300411863,0.0018224384710882413,289173,36780,10.7,4.0
franklin county,maine,7462,72,0.24727441428902808,0.0023859230539815092,30177,24162,12.4,6.1
hancock county,maine,10439,123,0.19165381508408608,0.002258206653447896,54468,31178,11.6,5.7
kennebec county,maine,30711,321,0.2532051546306755,0.002646571412081887,121289,27336,14.1,5.7
knox county,maine,8334,62,0.20992443324937027,0.001561712846347607,39700,29806,11.6,4.7
lincoln county,maine,7086,48,0.20828311924987508,0.00141089327180271,34021,31522,11.8,3.4
oxford county,maine,14839,185,0.25928708719203214,0.0032325703302463742,57230,22862,15.2,6.3
penobscot county,maine,38491,418,0.2527580047805416,0.0027448714244438024,152284,26347,15.9,6.5
piscataquis county,maine,3998,48,0.2357311320754717,0.002830188679245283,16960,23464,18.7,7.8
sagadahoc county,maine,7177,49,0.20418788585735015,0.0013940652650146518,35149,32947,11.3,4.1
somerset county,maine,13175,128,0.25836372906616467,0.0025100992273600817,50994,22641,17.8,8.8
waldo county,maine,8225,87,0.20939409368635437,0.002214867617107943,39280,27763,14.3,6.5
washington county,maine,5946,76,0.18685186349066685,0.0023882848343913018,31822,24311,18.2,7.9
york county,maine,53047,378,0.263320658810448,0.0018763588710077736,201454,33635,8.5,4.8
allegany county,maryland,19335,372,0.2663553333057817,0.005124602223416126,72591,22355,16.8,9.0
anne arundel county,maryland,107255,1147,0.18996634785688984,0.0020315267445979454,564600,43258,6.1,5.2
baltimore county,maryland,154159,2587,0.1860392427564784,0.00312199431113986,828637,37270,9.1,5.5
calvert county,maryland,13159,153,0.14488461199682903,0.0016845767638509646,90824,41469,5.7,7.3
caroline county,maryland,6694,83,0.20417874027756597,0.002531645569620253,32785,25355,16.5,6.5
carroll county,maryland,25078,424,0.14988136433997334,0.002534081604599597,167319,39690,5.5,4.0
cecil county,maryland,18040,269,0.17614435244493049,0.002626542727698797,102416,32542,9.4,5.8
charles county,maryland,34033,370,0.2181308926362477,0.002371475634690202,156021,38890,6.9,4.5
dorchester county,maryland,8678,112,0.26795528932254675,0.0034582844438955105,32386,28911,15.4,8.3
frederick county,maryland,52763,546,0.2143922309583308,0.0022185652465411105,246105,39566,7.2,5.1
garrett county,maryland,6370,117,0.2158151511044857,0.003963951754980349,29516,26303,11.4,4.8
harford county,maryland,44467,606,0.17777413525658453,0.0024227208034157963,250132,37972,7.5,5.2
howard county,maryland,56137,394,0.17964127426038817,0.00126082017312277,312495,51045,5.2,4.2
kent county,maryland,3580,73,0.1820400691548866,0.003711990236957185,19666,32217,13.1,4.8
montgomery county,maryland,216490,2138,0.2083241114782746,0.0020573557685830803,1039198,51162,7.0,5.4
prince george's county,maryland,202294,2226,0.22348952285836443,0.0024592310097319705,905161,34391,9.3,7.3
queen anne's county,maryland,8051,118,0.16406839069919096,0.00240467893460496,49071,40553,6.4,3.7
st. mary's county,maryland,22001,230,0.19824471296371385,0.0020724641598861048,110979,37528,8.2,4.2
somerset county,maryland,5721,76,0.22173559164373474,0.002945622262702996,25801,18395,22.5,10.2
talbot county,maryland,6446,94,0.17207228851338727,0.002509276314033261,37461,44785,10.0,4.4
washington county,maryland,38202,600,0.2554531715993741,0.004012143420753481,149546,28742,12.8,6.8
wicomico county,maryland,22565,342,0.22119513008018507,0.0033524810320152134,102014,27755,15.9,7.6
worcester county,maryland,9919,167,0.19238154347446615,0.0032390077387071123,51559,34425,10.3,7.1
baltimore city,maryland,133148,1850,0.21482552323667786,0.0029848530806910662,619796,28488,22.4,10.0
barnstable county,massachusetts,50827,608,0.23762038335670874,0.0028424497428705003,213900,40886,7.5,5.5
berkshire county,massachusetts,36117,395,0.28271402963577585,0.003091952313484826,127751,33245,11.3,6.8
bristol county,massachusetts,183515,2214,0.32946091315150733,0.0039747511741134904,557016,32406,12.2,6.9
dukes county,massachusetts,8474,0,0.4905354558610709,0.0,17275,42956,8.4,3.0
essex county,massachusetts,259560,2828,0.33454489211971233,0.0036449874977444383,775860,38604,10.9,6.0
franklin county,massachusetts,14934,151,0.21055748244649353,0.0021289794997603135,70926,33010,10.9,5.8
hampden county,massachusetts,173674,1859,0.3701586570841539,0.003962164420232402,469188,28072,17.2,8.0
hampshire county,massachusetts,40167,368,0.2491795753022699,0.0022829208980316013,161197,32198,13.8,6.5
middlesex county,massachusetts,442620,4154,0.27963359924490966,0.0026243684679032914,1582857,47616,8.2,4.8
norfolk county,massachusetts,175647,1976,0.2529518756777541,0.0028456671980690938,694389,49816,6.5,5.5
plymouth county,massachusetts,144932,1736,0.28467494510070435,0.003409845339157831,509114,39247,8.0,6.0
suffolk county,massachusetts,270316,2050,0.34625489153755995,0.0026258990501931,780685,38031,19.6,7.1
worcester county,massachusetts,242884,2672,0.2968338488650765,0.0032655096431526347,818249,34691,11.1,6.1
alcona county,michigan,2005,81,0.19254777681743973,0.007778738115816767,10413,24463,14.9,9.3
alger county,michigan,2180,21,0.23557380592176355,0.0022692889561270802,9254,21771,13.0,6.9
allegan county,michigan,32553,415,0.2851898900521267,0.0036357264882386437,114145,27172,10.8,3.6
alpena county,michigan,6823,163,0.23748694744169857,0.005673512008353638,28730,24030,15.0,6.4
antrim county,michigan,5382,77,0.23265464920243809,0.0033285782215882074,23133,29307,12.6,6.1
arenac county,michigan,3997,89,0.2623047644047775,0.0058406615041344005,15238,22622,18.5,9.6
baraga county,michigan,2652,62,0.3090909090909091,0.0072261072261072265,8580,18975,14.4,6.0
barry county,michigan,17286,191,0.2899994967034073,0.00320432164007583,59607,27166,9.3,6.2
bay county,michigan,32150,707,0.3051732320835311,0.006710963455149502,105350,25462,16.3,7.4
benzie county,michigan,4205,78,0.24080861298820294,0.004466842286106975,17462,26790,10.0,6.5
berrien county,michigan,42780,722,0.276092624622454,0.004659627746082556,154948,27505,17.2,7.3
branch county,michigan,13695,217,0.3145166846565464,0.0049835794501986545,43543,22977,15.9,4.6
calhoun county,michigan,43270,702,0.32212436814638906,0.00522605284120095,134327,24859,17.4,7.4
cass county,michigan,13298,173,0.2587310543416931,0.003365955211393661,51397,28019,13.6,7.8
charlevoix county,michigan,5971,75,0.2282492354740061,0.0028669724770642203,26160,31730,11.6,6.2
cheboygan county,michigan,5908,138,0.23191364082433757,0.005417075564278705,25475,24956,16.8,10.7
chippewa county,michigan,10412,121,0.27383425821213475,0.0031822844068064068,38023,21958,17.1,9.0
clare county,michigan,8423,194,0.27528842696996436,0.006340490897800438,30597,21198,23.6,11.5
clinton county,michigan,28665,245,0.37072722804930097,0.003168608786746162,77321,32792,10.1,4.3
crawford county,michigan,3282,40,0.23746472758845236,0.002894146588524709,13821,22891,16.4,10.4
delta county,michigan,12693,198,0.34875669734853687,0.005440307734578926,36395,25582,14.4,6.5
dickinson county,michigan,9584,133,0.37300537090371294,0.005176305752315716,25694,25998,15.2,6.0
eaton county,michigan,35831,497,0.3299780818890096,0.004577017295047244,108586,30064,10.9,5.8
emmet county,michigan,7704,114,0.23361028564497544,0.003456850021226272,32978,31356,10.7,6.1
genesee county,michigan,127432,2068,0.3101433261698643,0.0050330874389421755,410881,25180,20.0,10.8
gladwin county,michigan,6927,141,0.27353498657400094,0.005567840783446533,25324,23491,20.2,7.4
gogebic county,michigan,4456,79,0.2860627848751364,0.005071579893432625,15577,22297,20.4,6.7
grand traverse county,michigan,21836,279,0.23937208129617854,0.0030584727368397975,91222,31701,9.7,5.4
gratiot county,michigan,13363,216,0.3234105375251095,0.005227619255064256,41319,20597,20.5,7.4
hillsdale county,michigan,12955,229,0.2821886776013418,0.004988128689363741,45909,23831,17.0,6.1
houghton county,michigan,9799,110,0.26969972201579834,0.003027550711474417,36333,21462,21.4,6.8
huron county,michigan,9930,168,0.31275590551181104,0.005291338582677166,31750,26352,13.6,5.8
ingham county,michigan,86848,928,0.3034680364100145,0.003242657721403987,286185,27399,20.9,8.1
ionia county,michigan,20268,212,0.31596177529736386,0.003304909037055513,64147,22715,13.1,6.2
iosco county,michigan,5783,184,0.2284235888928388,0.007267843741359561,25317,24099,16.9,9.6
iron county,michigan,3708,103,0.32840315295367994,0.009122309804268886,11291,23658,14.2,5.7
isabella county,michigan,18310,242,0.2594513404749759,0.0034291220314005555,70572,22009,27.3,8.4
jackson county,michigan,51249,656,0.3223430551799181,0.004126071615017391,158989,25952,15.2,7.6
kalamazoo county,michigan,76711,838,0.2952353461878921,0.003225185698341223,259830,29258,16.7,6.6
kalkaska county,michigan,4577,71,0.26368245189537964,0.00409033298767139,17358,22822,18.5,8.7
kent county,michigan,205003,1930,0.3221413126830679,0.0030327982199202987,636376,29433,13.4,5.4
keweenaw county,michigan,677,17,0.3169475655430712,0.007958801498127341,2136,28700,14.5,5.5
lake county,michigan,2528,42,0.21664238580855258,0.003599280143971206,11669,18199,25.0,11.6
lapeer county,michigan,24658,488,0.27955331330423444,0.005532566181055495,88205,26650,9.7,7.4
leelanau county,michigan,4507,68,0.2090057503246151,0.003153403821183454,21564,37061,7.7,6.3
lenawee county,michigan,31555,382,0.3200791195415124,0.0038748288279149973,98585,25649,13.7,5.9
livingston county,michigan,59109,558,0.3161822130454784,0.002984819145635638,186946,36845,5.9,4.6
luce county,michigan,1679,25,0.2620980330939744,0.003902591320636903,6406,19442,19.4,11.8
mackinac county,michigan,3043,40,0.28082318198597267,0.0036913990402362494,10836,26967,15.4,10.5
macomb county,michigan,306593,4684,0.3548452059503321,0.005421177080596608,864019,29740,11.8,6.6
manistee county,michigan,4946,109,0.20243942370661427,0.00446136214800262,24432,24398,14.7,8.0
marquette county,michigan,19860,180,0.295777794325713,0.0026807655074838036,67145,25550,16.4,6.3
mason county,michigan,8513,120,0.2955902777777778,0.004166666666666667,28800,26251,16.0,7.6
mecosta county,michigan,10464,130,0.24232880201940668,0.003010583358421528,43181,21978,22.5,8.7
menominee county,michigan,7346,87,0.31407926803198083,0.0037196972935995554,23389,26151,13.5,5.9
midland county,michigan,23852,273,0.2856903304626957,0.003269891842039071,83489,33013,11.3,7.0
missaukee county,michigan,3629,72,0.2422240021358964,0.004805766920304365,14982,21805,15.9,7.0
monroe county,michigan,49338,560,0.3297575842640306,0.003742840147307494,149619,29245,11.2,5.9
montcalm county,michigan,18175,250,0.288693690831692,0.003971027384204842,62956,21509,17.5,7.0
montmorency county,michigan,2028,53,0.21829924650161464,0.005705059203444564,9290,23155,15.1,12.7
muskegon county,michigan,49553,730,0.28691946475823216,0.004226811883710562,172707,22829,18.5,8.9
newaygo county,michigan,13922,185,0.29065324954591953,0.0038622935760663064,47899,22735,17.8,7.7
oakland county,michigan,393036,4686,0.316489781456847,0.003773372199764869,1241860,40941,9.0,5.3
oceana county,michigan,7910,111,0.30056617395599805,0.004217805980924878,26317,22185,17.5,7.7
ogemaw county,michigan,5174,126,0.2466275799609133,0.006006006006006006,20979,22028,18.7,10.0
ontonagon county,michigan,1392,45,0.22924901185770752,0.007411067193675889,6072,22958,15.5,10.0
osceola county,michigan,6105,101,0.2629085741354808,0.004349511218293786,23221,21090,20.7,7.2
oscoda county,michigan,1715,62,0.20652697495183045,0.007466281310211946,8304,22343,18.1,11.9
otsego county,michigan,6874,118,0.28349898956571945,0.0048665814327545675,24247,26012,14.9,6.4
ottawa county,michigan,88911,955,0.317263945932637,0.0034077568395999187,280243,29121,9.5,4.4
presque isle county,michigan,2433,65,0.18927960168041078,0.0050567916601836,12854,24793,14.9,11.4
roscommon county,michigan,5730,133,0.23940837302582102,0.005556948274421325,23934,22333,19.8,13.0
saginaw county,michigan,61834,1116,0.3190559485663277,0.005758424792185879,193803,25348,17.7,8.2
st. clair county,michigan,51194,966,0.3204411589812282,0.006046532007185734,159761,27807,13.3,7.6
st. joseph county,michigan,16221,243,0.26639842338643455,0.003990803087534899,60890,23702,15.7,5.3
sanilac county,michigan,10785,232,0.25966052726616107,0.005585650656073192,41535,23924,15.0,7.7
schoolcraft county,michigan,2266,22,0.27927039684495936,0.0027113630761646536,8114,21534,21.4,13.9
shiawassee county,michigan,22489,273,0.3277467682935716,0.003978605884839034,68617,25218,13.1,7.1
tuscola county,michigan,15927,322,0.2973174783923538,0.00601093916257537,53569,23573,15.9,7.4
van buren county,michigan,21055,337,0.28002393935363745,0.004481978986567363,75190,25433,15.8,6.6
washtenaw county,michigan,112481,665,0.3111430144201113,0.0018395116027540117,361509,37455,14.5,5.4
wayne county,michigan,548348,9277,0.31088624589102526,0.005259601025500306,1763822,24847,23.7,11.6
wexford county,michigan,8760,132,0.26614005772444177,0.004010329636943643,32915,22028,17.3,7.2
aitkin county,minnesota,3184,63,0.20099741177955938,0.003977021652673442,15841,26883,12.1,6.2
anoka county,minnesota,105106,808,0.3047778670246853,0.0023429729659196026,344861,34321,6.6,4.2
becker county,minnesota,9244,96,0.2755126371006199,0.002861230329041488,33552,28525,12.7,3.6
beltrami county,minnesota,12551,128,0.2737583702314219,0.0027918947804654614,45847,23748,19.0,8.7
benton county,minnesota,14910,177,0.3788109756097561,0.004496951219512195,39360,27018,14.1,4.2
big stone county,minnesota,1465,9,0.2907322881524112,0.0017860686644175431,5039,29035,11.7,2.8
blue earth county,minnesota,19001,105,0.28891389298584397,0.0015965453799017745,65767,28283,18.1,4.5
brown county,minnesota,6832,81,0.27064928891177753,0.003208810363269025,25243,29696,8.1,2.3
carlton county,minnesota,9771,100,0.2759545865341166,0.002824220515137822,35408,26900,12.1,3.9
carver county,minnesota,28686,119,0.2903470682901649,0.0012044656322432413,98799,44212,4.0,2.4
cass county,minnesota,7423,84,0.2576535925026033,0.002915654286706005,28810,28004,15.3,5.7
chippewa county,minnesota,3260,48,0.2707641196013289,0.003986710963455149,12040,29354,11.1,2.0
chisago county,minnesota,15410,120,0.28380941856824504,0.0022100668545223493,54297,32105,5.4,4.2
clay county,minnesota,20805,127,0.33534816247582205,0.0020470664087685365,62040,28122,12.5,2.8
clearwater county,minnesota,2207,31,0.25011332728921126,0.003513145965548504,8824,24515,17.9,7.3
cook county,minnesota,651,4,0.12352941176470589,0.0007590132827324478,5270,31831,13.0,2.6
cottonwood county,minnesota,3330,41,0.2911602693013902,0.0035848561685756755,11437,27206,15.6,5.1
crow wing county,minnesota,16901,172,0.26613652468309584,0.002708448153688686,63505,30013,9.6,3.5
dakota county,minnesota,119858,796,0.2890547563637241,0.0019196681578661778,414655,38863,6.9,4.0
dodge county,minnesota,6095,22,0.29753478154747376,0.0010739565535757872,20485,31417,5.7,2.9
douglas county,minnesota,11579,119,0.3138705917432436,0.0032257190100566536,36891,33336,8.4,3.1
faribault county,minnesota,4001,54,0.2864814549620507,0.0038665330087355003,13966,29116,11.5,2.8
fillmore county,minnesota,5090,24,0.24441776710684274,0.0011524609843937576,20825,28441,11.3,2.8
freeborn county,minnesota,9476,78,0.30948104118357883,0.0025474378653777066,30619,27603,11.8,4.1
goodhue county,minnesota,14138,140,0.30642854046555984,0.0030343751354631756,46138,33477,10.8,4.2
grant county,minnesota,1550,12,0.2616917102819517,0.0020260003376667227,5923,30359,10.6,4.8
hennepin county,minnesota,333729,2634,0.27248455415455886,0.0021506201607984564,1224763,41794,11.5,4.6
houston county,minnesota,4850,20,0.25923352397241967,0.0010690042225666792,18709,30150,8.9,3.1
hubbard county,minnesota,5177,60,0.2495781709492359,0.0028925420623824903,20743,28073,10.8,3.7
isanti county,minnesota,10611,119,0.27501036699149906,0.003084179970972424,38584,30145,7.1,5.1
itasca county,minnesota,11877,149,0.2625505670137277,0.003293763954285209,45237,27497,12.6,5.7
jackson county,minnesota,2221,17,0.21981393507521774,0.0016825019794140933,10104,31010,7.7,3.9
kanabec county,minnesota,3743,57,0.23470027589666415,0.0035741158765989467,15948,26345,11.6,5.2
kandiyohi county,minnesota,14043,142,0.3298259623740517,0.003335133992531179,42577,29375,11.3,3.0
kittson county,minnesota,1076,28,0.24543795620437955,0.006386861313868613,4384,30525,11.2,2.6
koochiching county,minnesota,3036,38,0.23763306199123357,0.002974326862867877,12776,26804,17.1,6.9
lac qui parle county,minnesota,1843,29,0.26944444444444443,0.004239766081871345,6840,31427,9.3,3.1
lake county,minnesota,2277,30,0.21525808281338626,0.0028360748723766306,10578,32319,9.3,3.8
lake of the woods county,minnesota,812,6,0.21140328039573028,0.0015620932048945586,3841,24964,7.4,3.8
le sueur county,minnesota,6739,51,0.24232290542970156,0.0018338727076591154,27810,31135,8.8,3.9
lincoln county,minnesota,1252,6,0.21872816212438853,0.0010482180293501049,5724,28382,11.4,3.0
lyon county,minnesota,7314,74,0.28360929078289193,0.0028694404591104736,25789,30203,13.7,3.6
mcleod county,minnesota,11278,108,0.31488720125083763,0.0030154121063211974,35816,30145,8.4,3.0
mahnomen county,minnesota,1875,18,0.3409090909090909,0.0032727272727272726,5500,20720,22.7,9.2
marshall county,minnesota,2165,24,0.2303926785144195,0.002554006597850378,9397,28585,7.8,3.2
martin county,minnesota,5864,65,0.29197371041625175,0.0032364070902210717,20084,30806,11.3,3.1
meeker county,minnesota,6223,75,0.26933564163600954,0.003246050638389959,23105,29216,8.3,2.9
mille lacs county,minnesota,7586,117,0.2959235420323776,0.004564072557050907,25635,25732,11.5,6.6
morrison county,minnesota,9594,106,0.2917883211678832,0.0032238442822384427,32880,28040,11.4,4.6
mower county,minnesota,12474,74,0.31671152186055956,0.0018788401970243234,39386,28613,13.0,5.0
murray county,minnesota,2116,19,0.2520848224922564,0.0022635215630212057,8394,30553,8.2,3.6
nicollet county,minnesota,8684,68,0.25940197747707383,0.0020312453326164232,33477,29722,11.3,3.8
nobles county,minnesota,7104,60,0.32506634940971907,0.002745492815960465,21854,24935,15.8,6.5
norman county,minnesota,1580,14,0.2397935953862498,0.002124753376840188,6589,27099,12.0,3.3
olmsted county,minnesota,46243,194,0.3048620496423509,0.0012789662788014636,151685,37956,9.1,4.3
otter tail county,minnesota,14178,172,0.2453365634192767,0.0029762934763799967,57790,29932,9.4,3.6
pennington county,minnesota,3783,41,0.26646474607311404,0.002887934070578291,14197,28562,10.3,3.2
pine county,minnesota,7509,68,0.2584230994252676,0.002340227828062085,29057,24044,13.6,5.9
pipestone county,minnesota,2051,34,0.2222342615668003,0.003684039440892838,9229,28706,11.8,4.2
polk county,minnesota,9247,110,0.2929603345583576,0.003484982891902167,31564,28260,12.4,3.6
pope county,minnesota,3354,19,0.30680570801317236,0.0017380168313208928,10932,32454,7.9,3.0
ramsey county,minnesota,137147,1373,0.25497078415223845,0.0025525522734075362,537893,32544,15.0,5.5
red lake county,minnesota,962,13,0.23948220064724918,0.003236245954692557,4017,26988,9.4,2.9
redwood county,minnesota,4112,54,0.2664938431626701,0.0034996759559300064,15430,27543,11.8,3.0
renville county,minnesota,3918,58,0.2647655088525476,0.00391944857413164,14798,31215,11.0,2.7
rice county,minnesota,18935,184,0.29018712356898746,0.0028198801550934085,65251,28603,11.5,3.6
rock county,minnesota,2403,35,0.2547439838863564,0.0037103784586027776,9433,29000,11.0,1.9
roseau county,minnesota,4621,45,0.29741906416940206,0.0028963120293492954,15537,27935,9.2,2.6
st. louis county,minnesota,51870,546,0.258969315106793,0.002725992790597821,200294,29197,15.4,5.1
scott county,minnesota,43055,266,0.3043552024204209,0.00188035033895789,141463,38322,5.6,3.5
sherburne county,minnesota,28504,183,0.3097452838389985,0.001988611666521777,92024,33048,6.4,3.6
sibley county,minnesota,3730,25,0.250537345513165,0.0016792047286405159,14888,29884,8.5,4.5
stearns county,minnesota,53747,373,0.346084996780425,0.0024018029620090147,155300,29148,13.1,4.5
steele county,minnesota,10932,63,0.29859062602425435,0.001720747295968535,36612,29930,9.9,4.5
stevens county,minnesota,2831,14,0.2900911978686341,0.0014345732144686956,9759,31419,15.4,2.6
swift county,minnesota,2382,33,0.252116850127011,0.0034928027095681626,9448,29470,12.2,3.3
todd county,minnesota,7137,61,0.29222454243950374,0.0024976456618761005,24423,24988,13.0,3.8
traverse county,minnesota,893,10,0.2660113196306226,0.002978850163836759,3357,30234,10.9,3.2
wabasha county,minnesota,6009,19,0.27961842717543045,0.0008841321544904607,21490,32307,6.1,3.2
wadena county,minnesota,4429,58,0.32504036400998093,0.004256568325260532,13626,24200,15.0,5.8
waseca county,minnesota,5768,39,0.3052174833315695,0.0020637104455497935,18898,27383,9.2,3.2
washington county,minnesota,72826,494,0.2901677032739791,0.001968292167870619,250979,41591,5.0,3.5
watonwan county,minnesota,3062,24,0.2799926847110461,0.0021945866861741038,10936,26884,12.2,2.4
wilkin county,minnesota,1714,22,0.26789621756799,0.0034385745545482964,6398,28575,9.9,1.4
winona county,minnesota,13888,74,0.27235644807028553,0.0014512080326325699,50992,27200,14.5,5.1
wright county,minnesota,38356,306,0.29250362235949057,0.0023335621139327386,131130,32506,5.0,3.6
yellow medicine county,minnesota,2684,30,0.2702920443101712,0.0030211480362537764,9930,28182,12.5,2.7
adams county,mississippi,8703,153,0.2755596365133141,0.0048443783047842194,31583,17721,34.2,10.9
alcorn county,mississippi,12937,177,0.34737661779711076,0.004752698566135009,37242,20527,19.6,8.6
amite county,mississippi,3907,71,0.31072053443613806,0.005646572292031175,12574,19665,22.8,10.8
attala county,mississippi,6893,126,0.3679995729005392,0.00672681650739416,18731,20617,22.6,10.3
benton county,mississippi,2851,51,0.34324584637611366,0.006140139658078497,8306,18599,20.2,13.7
bolivar county,mississippi,11810,194,0.35657135956039976,0.005857311071525618,33121,16984,37.4,12.6
calhoun county,mississippi,5626,79,0.384894301156188,0.005404665800095779,14617,17837,26.9,8.4
carroll county,mississippi,3101,59,0.30339497113785346,0.005772429312200371,10221,22995,14.0,7.0
chickasaw county,mississippi,7070,105,0.4085524414908986,0.006067610517191563,17305,19609,22.9,7.6
choctaw county,mississippi,2932,37,0.3507177033492823,0.004425837320574163,8360,19816,24.5,10.4
claiborne county,mississippi,2594,50,0.2848671205798375,0.005490885130683066,9106,13095,45.9,17.7
clarke county,mississippi,4913,112,0.30536391323264345,0.006961277891727267,16089,20564,18.5,9.1
clay county,mississippi,6279,104,0.3141070535267634,0.005202601300650325,19990,19220,26.6,11.3
coahoma county,mississippi,8302,139,0.3417023378333882,0.005721106354955549,24296,16699,36.2,19.0
copiah county,mississippi,9350,131,0.3252400166968137,0.004556838736607764,28748,18756,24.3,12.3
covington county,mississippi,8790,124,0.4584811182975172,0.00646776549134154,19172,18749,23.1,8.8
desoto county,mississippi,62050,595,0.3581178181650285,0.0034340064755550683,173267,28316,9.8,6.1
forrest county,mississippi,27776,331,0.36626887321157775,0.004364739236500297,75835,20783,26.3,11.9
franklin county,mississippi,2383,40,0.3066134843026248,0.0051466803911477095,7772,24864,17.9,7.4
george county,mississippi,8828,92,0.37494160118921216,0.003907411339987258,23545,20973,14.7,8.2
greene county,mississippi,3927,61,0.2845445982175205,0.004419969567422651,13801,18002,15.1,11.7
grenada county,mississippi,6500,142,0.3040366715000702,0.006642031900463071,21379,20150,24.2,10.4
hancock county,mississippi,15056,164,0.3253452038809776,0.003543877087970266,46277,24373,17.2,8.7
harrison county,mississippi,66683,720,0.3325984707542982,0.003591183644153603,200491,23127,20.5,9.4
hinds county,mississippi,68889,868,0.2832036308474033,0.0035683599932579374,243249,22397,23.9,10.0
holmes county,mississippi,5285,108,0.28931953796463566,0.005912300870422073,18267,12394,46.5,19.6
humphreys county,mississippi,2440,51,0.28117077667665363,0.00587693016824153,8678,15696,40.5,21.1
issaquena county,mississippi,309,9,0.23842592592592593,0.006944444444444444,1296,16348,40.3,12.6
itawamba county,mississippi,9554,153,0.40761124621357564,0.006527582234736977,23439,20859,18.4,6.1
jackson county,mississippi,46292,505,0.32758254666911985,0.0035736020493369377,141314,24665,15.3,8.3
jasper county,mississippi,6208,86,0.375173747507101,0.0051973167341512055,16547,20619,22.8,5.7
jefferson county,mississippi,1807,40,0.24212783063111348,0.005359774889454643,7463,13758,47.0,9.6
jefferson davis county,mississippi,3709,57,0.31866998883065556,0.004897327949136524,11639,17035,32.5,10.7
jones county,mississippi,26729,316,0.3911866292003278,0.0046247512000936655,68328,20958,21.6,7.8
kemper county,mississippi,2676,53,0.26542352707796074,0.005256893473517159,10082,15790,31.8,6.8
lafayette county,mississippi,19058,192,0.36133019869558625,0.0036402244805096313,52744,25719,25.3,5.7
lamar county,mississippi,22343,173,0.3692020424013087,0.002858700860915115,60517,28342,16.3,9.2
lauderdale county,mississippi,22295,393,0.2850257603456872,0.005024226230807584,78221,23339,21.5,7.2
lawrence county,mississippi,4587,62,0.36235089659530767,0.0048977012402243465,12659,21826,19.8,9.3
leake county,mississippi,7755,128,0.33811475409836067,0.0055807464248343215,22936,18825,25.1,9.2
lee county,mississippi,34499,336,0.40663602074493166,0.0039603960396039604,84840,23968,17.3,6.3
leflore county,mississippi,8725,184,0.2897419719058214,0.0061103178029422505,30113,15403,40.3,12.0
lincoln county,mississippi,10578,166,0.3062358867465694,0.004805743732267964,34542,20627,23.6,7.5
lowndes county,mississippi,21511,259,0.3611773397360556,0.0043487021055105945,59558,23141,21.1,11.4
madison county,mississippi,32279,357,0.31580440652760927,0.0034927405784056665,102212,36627,12.0,5.1
marion county,mississippi,8872,155,0.34838608340532473,0.006086546768240006,25466,19610,25.9,8.3
marshall county,mississippi,12159,196,0.337928351074178,0.005447319418582029,35981,19775,17.8,6.2
monroe county,mississippi,13989,233,0.38893986153974475,0.006478160536046932,35967,21643,19.2,7.4
montgomery county,mississippi,3730,85,0.3618197691337666,0.008245222621010767,10309,22666,25.6,9.1
neshoba county,mississippi,12943,248,0.4396847504840847,0.00842477154601352,29437,19243,22.1,8.5
newton county,mississippi,7156,108,0.33381536595605726,0.005038018379437422,21437,21177,23.0,7.7
noxubee county,mississippi,3651,52,0.3336684335587644,0.004752330469749589,10942,16591,34.9,14.8
oktibbeha county,mississippi,13885,173,0.28111839974084873,0.0035025915127955944,49392,21322,29.8,9.5
panola county,mississippi,12540,183,0.3663560139063367,0.00534634374360922,34229,20191,20.5,7.6
pearl river county,mississippi,17966,290,0.326363784991553,0.005268033933404785,55049,22136,17.9,10.0
perry county,mississippi,3807,66,0.3160122852162364,0.005478542375695194,12047,19308,19.9,10.2
pike county,mississippi,12917,197,0.32484973467796696,0.004954354550712975,39763,17470,32.3,7.7
pontotoc county,mississippi,12987,161,0.4179243765084473,0.005181013676588898,31075,20421,17.0,6.3
prentiss county,mississippi,10393,119,0.4093505061246997,0.0046870692031982355,25389,19016,22.5,7.0
quitman county,mississippi,1843,35,0.24452700013267878,0.004643757463181637,7537,15189,37.5,24.3
rankin county,mississippi,47543,533,0.3177052357245481,0.0035617628387183,149645,29055,8.5,4.5
scott county,mississippi,7956,123,0.28015070953202575,0.004331138420366914,28399,20520,27.8,10.9
sharkey county,mississippi,1179,28,0.25458864176203844,0.006046210321744763,4631,17192,29.0,14.9
simpson county,mississippi,8750,164,0.3215138710270072,0.006026088554106191,27215,19336,27.1,9.9
smith county,mississippi,5104,72,0.31674320466674943,0.004468164329154772,16114,21864,18.2,4.7
stone county,mississippi,6769,82,0.37645292252933654,0.004560369278683054,17981,21615,17.3,5.6
sunflower county,mississippi,7188,138,0.26706297603566787,0.005127252461452721,26915,14427,32.5,17.6
tallahatchie county,mississippi,3912,72,0.26882902693787797,0.004947773501924134,14552,14163,28.3,13.7
tate county,mississippi,8772,161,0.3096036423957929,0.005682419793174037,28333,21671,19.3,7.7
tippah county,mississippi,9010,118,0.4096758059382531,0.005365343518392215,21993,19780,22.8,8.9
tishomingo county,mississippi,7816,123,0.401314438283015,0.006315465187923599,19476,19379,18.6,10.8
tunica county,mississippi,3078,50,0.2995328921759439,0.004865706500583885,10276,18486,27.0,10.2
union county,mississippi,11785,136,0.4178781646691724,0.004822353024608184,28202,19518,18.2,8.3
walthall county,mississippi,4739,85,0.32304021813224265,0.005794137695978187,14670,20155,26.3,6.7
warren county,mississippi,12897,219,0.27145864028625555,0.004609555882972006,47510,22542,23.7,7.9
washington county,mississippi,13169,215,0.27434273571934503,0.004478980042498229,48002,19247,33.7,16.8
wayne county,mississippi,7031,92,0.3436797340893538,0.004497018281356927,20458,21515,24.3,10.4
webster county,mississippi,4102,76,0.4156870693149574,0.007701661937576003,9868,20662,25.3,9.4
wilkinson county,mississippi,1947,47,0.214332892998679,0.005173932188463232,9084,12722,38.7,12.5
winston county,mississippi,6825,105,0.3692782166432204,0.005681203332972622,18482,23527,25.3,9.9
yalobusha county,mississippi,4856,63,0.39079349750523096,0.005070014485755674,12426,20037,22.6,5.3
yazoo county,mississippi,10360,118,0.37678207739307534,0.004291533313936572,27496,16927,36.5,15.9
adair county,missouri,6770,71,0.2661477375476668,0.0027912096552266384,25437,21778,26.2,5.5
andrew county,missouri,5704,66,0.3286092867841917,0.0038022813688212928,17358,28003,9.0,4.2
atchison county,missouri,1823,24,0.3417057169634489,0.004498594189315839,5335,28209,12.1,4.1
audrain county,missouri,6924,125,0.26875752047509993,0.004851919419322284,25763,21226,16.7,7.4
barry county,missouri,8025,153,0.22670772360020341,0.004322278094807616,35398,20840,20.5,8.0
barton county,missouri,3417,56,0.28613297605091276,0.004689331770222743,11942,24628,20.9,5.4
bates county,missouri,4490,103,0.2736970435842731,0.006278573605608046,16405,25873,14.3,5.2
benton county,missouri,5543,114,0.29300137435246854,0.0060260069774817635,18918,20163,18.6,9.7
bollinger county,missouri,3312,50,0.26824329796711754,0.004049566696363489,12347,20687,19.9,5.1
boone county,missouri,53913,304,0.30879952345222206,0.0017412322654920987,174589,28495,18.7,4.4
buchanan county,missouri,29972,350,0.33516354487000277,0.003913894324853229,89425,24271,17.3,5.7
butler county,missouri,12575,186,0.293630037827488,0.004343156026712745,42826,20855,21.6,9.2
caldwell county,missouri,2113,44,0.23358390448817157,0.004864028299801017,9046,24200,13.3,3.8
callaway county,missouri,14531,149,0.32440336659745944,0.0033264126091130312,44793,24208,12.3,4.3
camden county,missouri,10972,197,0.24461041132538178,0.0043919295507747185,44855,25492,17.5,8.0
cape girardeau county,missouri,23697,278,0.30375706613000397,0.003563508645994898,78013,25965,17.7,5.3
carroll county,missouri,2715,48,0.30474800763273097,0.005387810079694691,8909,24642,18.4,8.2
carter county,missouri,1771,24,0.2831334932054356,0.0038369304556354917,6255,21569,14.5,6.9
cass county,missouri,30517,349,0.29951515389447236,0.0034253297738693466,101888,30618,9.5,4.9
cedar county,missouri,3814,61,0.27514067234165346,0.004400519405569182,13862,20228,22.6,11.2
chariton county,missouri,2035,43,0.26825731610862114,0.005668336409174796,7586,23463,14.2,3.7
christian county,missouri,25223,295,0.3037890832008479,0.0035530182589006117,83028,26628,10.4,5.3
clark county,missouri,1931,50,0.2836785661818716,0.007345379756133392,6807,26253,15.3,4.6
clay county,missouri,33867,415,0.1434629005201891,0.0017579680431062236,236068,31953,8.9,4.4
clinton county,missouri,5786,132,0.28231275920956334,0.0064405952671383266,20495,27655,11.0,3.8
cole county,missouri,24390,308,0.31778915686197867,0.004013081603669103,76749,27559,12.6,4.4
cooper county,missouri,4823,82,0.27372304199772984,0.004653802497162316,17620,22371,11.2,5.0
crawford county,missouri,6645,117,0.27248124000492063,0.00479763808586542,24387,20799,20.0,11.6
dade county,missouri,1841,50,0.24284395198522624,0.0065954359583168445,7581,20468,22.9,9.3
dallas county,missouri,4736,83,0.28806033696247185,0.005048354722948726,16441,19647,15.7,7.8
daviess county,missouri,2045,32,0.2463855421686747,0.0038554216867469878,8300,22642,13.2,3.5
dekalb county,missouri,2639,51,0.2100445717924228,0.004059216809933142,12564,18994,12.5,3.4
dent county,missouri,3996,93,0.25671334960812026,0.005974559938327123,15566,20908,20.8,7.3
douglas county,missouri,3087,89,0.2305279665446942,0.0066462549473527,13391,18095,20.6,7.0
dunklin county,missouri,9777,143,0.31635657660572725,0.004627082996278919,30905,18878,26.6,6.9
franklin county,missouri,31812,419,0.31062462773280736,0.004091277474539365,102413,27209,10.6,4.9
gasconade county,missouri,4132,116,0.2797752048209087,0.007854289389938384,14769,25963,12.0,3.4
gentry county,missouri,2644,38,0.3953349282296651,0.005681818181818182,6688,20903,18.1,4.1
greene county,missouri,86080,1174,0.3001823831161359,0.004094030178651759,286759,25529,18.5,5.0
grundy county,missouri,3175,75,0.3140144397191178,0.007417663930372861,10111,22014,20.5,3.6
harrison county,missouri,2484,36,0.28833430063842136,0.004178757980266976,8615,20947,18.3,3.3
henry county,missouri,7145,96,0.3272419162773656,0.004396812311074471,21834,24371,21.2,6.7
hickory county,missouri,2442,59,0.2611206159110351,0.006308810949529512,9352,19711,23.3,9.6
holt county,missouri,1321,34,0.29362080462324963,0.007557234941098022,4499,25306,12.0,4.2
howard county,missouri,2988,39,0.2945583596214511,0.0038446372239747634,10144,23430,16.4,4.6
howell county,missouri,11139,232,0.2775106504895488,0.005779914796083609,40139,20274,22.9,5.0
iron county,missouri,2713,53,0.2637565623177134,0.0051526346490375265,10286,19414,21.2,8.6
jackson county,missouri,82485,887,0.11979452591953572,0.0012882068799251766,688554,28965,15.9,5.7
jasper county,missouri,24608,348,0.2076239010479067,0.002936163750189838,118522,23390,17.3,5.5
jefferson county,missouri,68540,759,0.30785262240667627,0.0034091062212819856,222639,27443,10.9,6.5
johnson county,missouri,14868,154,0.27563448953486214,0.0028549711722066703,53941,23304,16.2,6.9
knox county,missouri,1211,16,0.3045774647887324,0.004024144869215292,3976,22171,20.2,5.8
laclede county,missouri,9710,196,0.2736136158701533,0.005522993688007214,35488,20534,17.7,7.7
lafayette county,missouri,9317,150,0.28531618435155415,0.004593477262287551,32655,27260,12.8,5.5
lawrence county,missouri,9432,190,0.24735779287194146,0.0049828223754950045,38131,21022,17.1,6.2
lewis county,missouri,3447,48,0.34203214923595954,0.004762849771780115,10078,22083,15.2,2.9
lincoln county,missouri,18668,163,0.34065693430656935,0.0029744525547445257,54800,24023,13.2,6.3
linn county,missouri,3172,80,0.2589810581319399,0.006531678641410843,12248,22361,16.5,3.2
livingston county,missouri,4497,109,0.2993011647254576,0.007254575707154742,15025,22248,17.9,3.4
mcdonald county,missouri,6245,80,0.27446930075154924,0.00351601986551224,22753,19577,19.0,6.2
macon county,missouri,4305,69,0.2810235655068869,0.004504210457601671,15319,20890,17.0,7.4
madison county,missouri,4347,60,0.3555537379355472,0.004907574022574841,12226,20081,18.8,5.8
maries county,missouri,1980,42,0.2210068087956245,0.004688023216876884,8959,22087,18.9,7.7
marion county,missouri,9914,137,0.3453994355990663,0.004773020241786573,28703,22662,18.4,6.5
mercer county,missouri,912,17,0.24856909239574815,0.0046334150994821474,3669,20374,17.7,3.5
miller county,missouri,7141,129,0.2862468433078126,0.005170962440373592,24947,23346,16.5,7.1
mississippi county,missouri,4465,66,0.3208536935901121,0.004742742167289451,13916,17918,31.7,10.0
moniteau county,missouri,4434,61,0.2787977867203219,0.003835513078470825,15904,21305,11.9,5.7
monroe county,missouri,2522,52,0.2906869525126787,0.00599354541263255,8676,22255,13.0,4.5
montgomery county,missouri,3137,63,0.27001205026682734,0.005422620072301601,11618,21757,16.1,5.8
morgan county,missouri,4970,127,0.24730059212817834,0.006319351146937354,20097,20055,25.5,7.3
new madrid county,missouri,6157,96,0.34148641153632836,0.005324459234608985,18030,20261,24.1,9.4
newton county,missouri,13940,225,0.23936672562116867,0.0038635231897247452,58237,25837,12.9,5.4
nodaway county,missouri,7322,51,0.3219310587407668,0.0022423496306718253,22744,21056,22.6,4.7
oregon county,missouri,2473,42,0.22942759068559235,0.003896465349290287,10779,18309,25.3,5.0
osage county,missouri,3824,52,0.28096987509184423,0.0038207200587803084,13610,24995,6.8,3.3
ozark county,missouri,2048,64,0.2195540308747856,0.00686106346483705,9328,17857,27.6,8.4
pemiscot county,missouri,3899,86,0.2248039667896679,0.004958487084870848,17344,18883,28.5,10.7
perry county,missouri,6397,52,0.33430885811340477,0.002717533315913248,19135,24846,8.2,4.1
pettis county,missouri,15051,191,0.3557399134935829,0.004514405918362523,42309,22304,17.2,5.8
phelps county,missouri,13024,264,0.29024134780380184,0.005883270563590578,44873,23691,20.4,6.3
pike county,missouri,5289,65,0.2856294216125722,0.0035102878436031756,18517,20947,15.1,4.8
platte county,missouri,12917,108,0.1333037492646983,0.001114562585785199,96899,37443,7.2,4.0
polk county,missouri,10020,122,0.3196478131878649,0.0038919194819280953,31347,21357,14.4,5.8
pulaski county,missouri,10868,137,0.20454716554995106,0.002578483776255364,53132,21716,12.8,8.8
putnam county,missouri,1182,26,0.24391250515889393,0.005365249690466364,4846,20729,16.9,5.9
ralls county,missouri,2985,30,0.2924177115987461,0.002938871473354232,10208,24687,13.3,4.5
randolph county,missouri,7229,117,0.2893104414295434,0.004682434866130388,24987,19984,16.5,6.1
ray county,missouri,6259,102,0.27380900301850475,0.004462137451332079,22859,26781,15.6,5.4
reynolds county,missouri,1404,27,0.2207200125766389,0.004244615626473825,6361,21593,17.3,7.6
ripley county,missouri,3234,71,0.23422901426812487,0.005142319113493156,13807,18434,23.4,7.2
st. charles county,missouri,121086,1068,0.31441517468808017,0.002773197616296431,385115,35628,5.7,3.6
st. clair county,missouri,2632,47,0.28011919965942955,0.0050021285653469565,9396,20827,22.2,8.0
ste. genevieve county,missouri,4903,42,0.27418633262498604,0.0023487305670506654,17882,26418,16.6,4.6
st. francois county,missouri,23824,331,0.3596184035744475,0.004996377249124502,66248,20944,15.4,6.5
st. louis county,missouri,292134,3575,0.292268735887244,0.003576648835112987,999539,38081,9.8,5.9
saline county,missouri,7267,121,0.315819209039548,0.00525858322468492,23010,21729,17.3,4.6
schuyler county,missouri,894,26,0.2008988764044944,0.005842696629213483,4450,19882,18.4,6.0
scotland county,missouri,845,20,0.17304935490477166,0.0040958427196395655,4883,23785,16.7,4.6
scott county,missouri,14012,172,0.3605949868752895,0.0044263729476555665,38858,22939,20.1,6.0
shannon county,missouri,1926,43,0.23280551190620088,0.005197630847334703,8273,17903,30.5,8.1
shelby county,missouri,2097,18,0.34467455621301774,0.0029585798816568047,6084,22349,15.5,4.8
stoddard county,missouri,7233,152,0.24407774853209152,0.005129243436593102,29634,21684,16.8,7.1
stone county,missouri,7034,137,0.22309619715182846,0.004345206000824638,31529,26052,12.8,7.7
sullivan county,missouri,2052,29,0.3215293011595111,0.004544030084612974,6382,21168,15.9,3.4
taney county,missouri,16220,255,0.29866686307726303,0.004695440819032187,54308,21381,17.1,6.3
texas county,missouri,5718,114,0.2223691374348604,0.004433382593139924,25714,17918,25.3,7.1
vernon county,missouri,6185,116,0.29929833051052507,0.005613355915799661,20665,22369,15.2,4.1
warren county,missouri,10026,118,0.29880193121535437,0.0035167193181140847,33554,26845,12.8,6.1
washington county,missouri,7123,156,0.28528516501121437,0.006247997436719,24968,18314,20.2,9.9
wayne county,missouri,2992,58,0.22380133143840228,0.004338394793926247,13369,18897,23.4,8.1
webster county,missouri,10421,165,0.2774641887214442,0.004393205175994462,37558,20468,18.4,4.8
worth county,missouri,563,5,0.2742328300048709,0.0024354603019970775,2053,22961,15.0,4.1
wright county,missouri,4635,95,0.25322333916083917,0.005190122377622378,18304,19805,25.0,8.4
beaverhead county,montana,2492,33,0.26623931623931624,0.0035256410256410257,9360,28420,16.1,4.6
big horn county,montana,5891,104,0.44326561324303987,0.00782543265613243,13290,17905,26.8,15.9
blaine county,montana,2655,34,0.39948841408365937,0.00511585916340656,6646,17059,32.7,16.8
broadwater county,montana,1557,22,0.27054735013032144,0.0038227628149435275,5755,32268,7.8,4.1
carbon county,montana,2509,30,0.23972864513663292,0.0028664246130326774,10466,31697,9.9,4.0
carter county,montana,291,5,0.22045454545454546,0.003787878787878788,1320,30659,11.8,2.9
cascade county,montana,30426,377,0.37188325022000585,0.0046079006551285814,81816,28350,13.1,4.6
chouteau county,montana,1373,15,0.2362353750860289,0.00258086717136958,5812,22014,20.3,3.5
custer county,montana,3551,54,0.29852879361076085,0.004539722572509458,11895,28501,9.8,1.7
daniels county,montana,492,9,0.2751677852348993,0.0050335570469798654,1788,36108,4.6,1.7
dawson county,montana,2782,61,0.2983697983697984,0.006542256542256542,9324,29130,12.3,1.1
deer lodge county,montana,3314,30,0.36293943708246634,0.003285510896944475,9131,25107,18.8,2.3
fallon county,montana,799,12,0.27316239316239316,0.0041025641025641026,2925,32371,5.8,1.7
fergus county,montana,2995,63,0.264412465789706,0.005561931667696654,11327,27491,14.7,2.6
flathead county,montana,34154,309,0.3552268921547214,0.003213828824612312,96147,28379,13.6,4.0
gallatin county,montana,42028,135,0.41722176446646086,0.0013401765062094845,100733,33181,13.0,4.3
garfield county,montana,251,3,0.2311233885819521,0.0027624309392265192,1086,29896,5.1,0.0
glacier county,montana,4916,79,0.35943554873144695,0.005776120494260437,13677,16737,33.1,7.6
golden valley county,montana,178,5,0.23828647925033467,0.006693440428380187,747,25110,18.2,4.4
granite county,montana,680,10,0.21210230817217718,0.0031191515907673115,3206,29144,9.9,6.9
hill county,montana,5467,77,0.33197716784066067,0.004675734758319164,16468,21780,21.2,6.4
jefferson county,montana,3194,27,0.274752688172043,0.00232258064516129,11625,32387,9.9,5.7
judith basin county,montana,288,1,0.1465648854961832,0.0005089058524173028,1965,28709,13.9,2.9
lake county,montana,8429,110,0.2855545768683515,0.003726539738464666,29518,24348,20.9,8.0
lewis and clark county,montana,22092,205,0.33326293558606124,0.003092472469452406,66290,31252,11.4,3.2
liberty county,montana,530,5,0.23608017817371937,0.0022271714922048997,2245,36525,13.9,1.9
lincoln county,montana,5732,97,0.2977817029456076,0.0050392228167697025,19249,22483,16.4,9.9
mccone county,montana,455,10,0.2633101851851852,0.005787037037037037,1728,28230,7.7,1.2
madison county,montana,2439,23,0.3086560364464693,0.0029106555302455075,7902,31620,10.6,3.4
meagher county,montana,599,12,0.2995,0.006,2000,20095,15.8,3.5
mineral county,montana,1394,17,0.3323795898903195,0.004053409632808774,4194,22894,20.1,7.4
missoula county,montana,34418,228,0.3013017482119565,0.0019959555637261337,114231,29681,15.9,6.0
musselshell county,montana,1113,31,0.23352916491817038,0.006504406210658833,4766,23908,17.4,5.6
park county,montana,5208,39,0.3254796575214049,0.0024373476657708892,16001,29181,13.4,2.8
petroleum county,montana,46,1,0.10154525386313466,0.002207505518763797,453,31549,10.1,5.2
phillips county,montana,1153,31,0.27856970282676974,0.007489731819280019,4139,22369,18.0,8.9
pondera county,montana,1501,11,0.24683440223647427,0.001808913007728992,6081,22866,19.0,5.8
powder river county,montana,421,10,0.26149068322981367,0.006211180124223602,1610,31211,8.2,2.4
powell county,montana,2240,32,0.3269118505545826,0.004670169293636894,6852,23990,14.6,1.5
prairie county,montana,292,4,0.22037735849056603,0.0030188679245283017,1325,28366,10.1,2.5
ravalli county,montana,8680,180,0.20972769227051974,0.00434919177519511,41387,25151,16.0,6.8
richland county,montana,3037,39,0.26628671635247697,0.003419552827707146,11405,33709,5.9,2.6
roosevelt county,montana,4103,78,0.365751470850419,0.006953111071492245,11218,18030,29.1,10.2
rosebud county,montana,3133,63,0.3371717606543263,0.006780025828669823,9292,23832,19.1,8.6
sanders county,montana,2470,53,0.2164009111617312,0.004643420360960224,11414,23020,21.2,7.6
sheridan county,montana,936,13,0.2623318385650224,0.0036434977578475337,3568,32833,12.2,2.7
silver bow county,montana,10155,139,0.2942284290432868,0.004027351219794866,34514,26248,19.2,5.9
stillwater county,montana,1748,33,0.18711196745878828,0.0035324341682723185,9342,31583,6.5,3.6
sweet grass county,montana,923,13,0.25315414152495885,0.0035655512890839275,3646,28065,10.4,0.9
teton county,montana,1570,29,0.2599337748344371,0.004801324503311258,6040,26884,9.8,1.7
toole county,montana,1424,25,0.2830451202544226,0.004969191015702644,5031,26354,16.6,1.0
treasure county,montana,148,1,0.18734177215189873,0.0012658227848101266,790,22880,17.0,0.0
valley county,montana,2198,45,0.29070228805713527,0.005951593704536437,7561,29096,7.4,4.4
wheatland county,montana,469,14,0.22248576850094876,0.006641366223908918,2108,20165,19.8,3.4
wibaux county,montana,249,8,0.22212310437109722,0.007136485280999108,1121,24662,10.8,1.6
yellowstone county,montana,52170,618,0.33371286748714274,0.00395312539979019,156332,32296,10.1,3.5
adams county,nebraska,6499,46,0.20589912558611076,0.001457356482068179,31564,28085,12.4,4.2
antelope county,nebraska,1075,7,0.16781142678738684,0.0010927255697783327,6406,28091,11.5,1.9
arthur county,nebraska,32,1,0.07600950118764846,0.0023752969121140144,421,21799,10.9,0.6
banner county,nebraska,89,0,0.12225274725274725,0.0,728,30736,8.9,3.2
blaine county,nebraska,67,0,0.13346613545816732,0.0,502,28503,9.8,1.1
boone county,nebraska,1091,4,0.2036587642337129,0.0007466865783087549,5357,28861,7.3,1.7
box butte county,nebraska,2336,8,0.20857142857142857,0.0007142857142857143,11200,28483,10.9,5.1
boyd county,nebraska,404,3,0.19716935090287946,0.0014641288433382138,2049,26413,9.8,1.6
brown county,nebraska,506,2,0.16546762589928057,0.0006540222367560497,3058,29664,16.0,0.6
buffalo county,nebraska,12000,57,0.24573043371421552,0.0011672195601425237,48834,28553,14.4,3.1
burt county,nebraska,1343,12,0.20516345860067217,0.0018331805682859762,6546,26421,12.3,3.5
butler county,nebraska,1903,11,0.23479333744602096,0.0013571869216533004,8105,27216,7.8,4.4
cass county,nebraska,6124,16,0.24003449221965273,0.0006271312664132011,25513,32509,6.3,2.8
cedar county,nebraska,1506,11,0.17591402873496087,0.001284896624226142,8561,29694,9.7,1.6
chase county,nebraska,744,5,0.19563502498027874,0.0013147515119642387,3803,33708,8.0,2.3
cherry county,nebraska,537,7,0.09271408839779005,0.0012085635359116022,5792,27891,9.0,2.6
cheyenne county,nebraska,2025,16,0.2022572912504994,0.0015980823012385138,10012,32995,10.9,2.5
clay county,nebraska,1515,11,0.2418582375478927,0.001756066411238825,6264,27275,11.1,3.0
colfax county,nebraska,2737,21,0.25781838733986434,0.0019781461944235116,10616,23393,8.2,3.5
cuming county,nebraska,1806,15,0.19980086292731497,0.001659475605708596,9039,28762,8.0,2.6
custer county,nebraska,2030,19,0.18733850129198967,0.0017534145441122186,10836,32605,11.9,2.5
dakota county,nebraska,6900,65,0.33610989332164254,0.0031662526182473574,20529,22463,16.8,7.3
dawes county,nebraska,1361,12,0.1516941596076683,0.0013374944271065537,8972,24811,14.3,1.0
dawson county,nebraska,5261,31,0.21989550679205852,0.0012957157784743991,23925,24912,13.7,4.2
deuel county,nebraska,322,1,0.1693845344555497,0.0005260389268805891,1901,28225,11.1,4.1
dixon county,nebraska,1182,9,0.20503035559410235,0.0015611448395490026,5765,26094,10.3,3.3
dodge county,nebraska,10107,62,0.2763287401574803,0.001695100612423447,36576,27162,13.2,4.4
douglas county,nebraska,149432,718,0.271839856214049,0.0013061527434665076,549706,32023,13.5,4.4
dundy county,nebraska,349,4,0.17302925136341102,0.0019831432821021317,2017,26949,10.5,3.6
fillmore county,nebraska,1127,8,0.2011422452257719,0.0014278065322148848,5603,30874,9.9,2.5
franklin county,nebraska,421,4,0.1394501490559788,0.001324942033786022,3019,28635,13.3,2.6
frontier county,nebraska,543,1,0.2069359756097561,0.00038109756097560977,2624,27900,10.9,3.2
furnas county,nebraska,1122,5,0.2330702118820108,0.001038637307852098,4814,24522,13.5,2.5
gage county,nebraska,3588,19,0.1658653846153846,0.0008783284023668639,21632,27424,9.1,3.2
garden county,nebraska,368,1,0.19236800836382645,0.0005227391531625719,1913,35602,11.7,1.4
garfield county,nebraska,399,1,0.203779366700715,0.0005107252298263534,1958,25856,7.2,1.9
gosper county,nebraska,372,5,0.18424962852897475,0.0024764735017335313,2019,31901,5.7,4.6
grant county,nebraska,106,4,0.15542521994134897,0.005865102639296188,682,22693,21.1,4.5
greeley county,nebraska,410,1,0.1683087027914614,0.00041050903119868636,2436,25544,9.8,1.7
hall county,nebraska,16513,117,0.2696748485293877,0.0019107344079172994,61233,26419,13.5,5.4
hamilton county,nebraska,2254,17,0.24636572302983933,0.0018581265712099683,9149,31989,7.2,2.0
harlan county,nebraska,378,0,0.10896511963101758,0.0,3469,26375,12.9,2.0
hayes county,nebraska,106,0,0.11076280041797283,0.0,957,27183,9.0,1.6
hitchcock county,nebraska,530,5,0.1853146853146853,0.0017482517482517483,2860,25290,14.2,3.1
holt county,nebraska,2147,16,0.20858836102205383,0.0015544544836296511,10293,27858,8.9,1.1
hooker county,nebraska,112,2,0.16374269005847952,0.0029239766081871343,684,27714,17.4,1.0
howard county,nebraska,1189,10,0.18621769772905247,0.0015661707126076742,6385,26734,10.2,4.0
jefferson county,nebraska,1211,1,0.16643760307861463,0.00013743815283122595,7276,26859,10.6,2.1
johnson county,nebraska,868,9,0.16692307692307692,0.0017307692307692308,5200,22398,10.1,2.2
kearney county,nebraska,1182,5,0.1805407056667176,0.0007637085688101421,6547,31234,9.4,3.4
keith county,nebraska,1539,10,0.18932217984992003,0.0012301636117603642,8129,27890,13.1,2.8
keya paha county,nebraska,118,0,0.1638888888888889,0.0,720,28981,7.7,1.2
kimball county,nebraska,769,1,0.20851409978308025,0.00027114967462039046,3688,24011,11.4,6.0
knox county,nebraska,1677,12,0.1973870056497175,0.0014124293785310734,8496,27283,12.3,3.1
lancaster county,nebraska,78065,0,0.2548170924770774,0.0,306357,29901,14.0,3.9
lincoln county,nebraska,8708,60,0.2448199274649273,0.001686862155247547,35569,29687,12.6,2.7
logan county,nebraska,148,0,0.16104461371055495,0.0,919,24624,9.7,1.1
loup county,nebraska,87,0,0.16201117318435754,0.0,537,29248,8.9,0.7
mcpherson county,nebraska,74,1,0.1712962962962963,0.0023148148148148147,432,27241,16.0,0.0
madison county,nebraska,9685,44,0.2762249729051395,0.0012549198562546346,35062,26093,16.0,3.2
merrick county,nebraska,1703,15,0.21752458806999617,0.0019159535061949162,7829,27223,10.0,3.3
morrill county,nebraska,1243,7,0.2535182541301244,0.0014276973281664286,4903,25120,9.4,3.7
nance county,nebraska,802,10,0.2247128047072009,0.002801905295601009,3569,26852,11.7,2.0
nemaha county,nebraska,1485,15,0.21090754154239455,0.0021303792074989347,7041,28572,11.5,5.7
nuckolls county,nebraska,977,11,0.22626215840666974,0.0025474756831866605,4318,24426,10.8,1.7
otoe county,nebraska,3344,10,0.21064566929133857,0.0006299212598425197,15875,28567,10.0,3.0
pawnee county,nebraska,412,1,0.15236686390532544,0.0003698224852071006,2704,27196,20.5,2.7
perkins county,nebraska,530,11,0.1825068870523416,0.003787878787878788,2904,30923,4.8,1.1
phelps county,nebraska,2326,10,0.25384699334279165,0.0010913456291607553,9163,30166,7.1,0.7
pierce county,nebraska,1272,20,0.1772822299651568,0.0027874564459930314,7175,28766,6.8,3.8
platte county,nebraska,8648,50,0.26305703422053234,0.001520912547528517,32875,28187,8.6,3.9
polk county,nebraska,1219,9,0.2324561403508772,0.0017162471395881006,5244,32424,7.6,4.6
red willow county,nebraska,2329,15,0.21425942962281508,0.0013799448022079118,10870,25006,11.7,4.9
richardson county,nebraska,1807,19,0.22461155997513985,0.0023617153511497823,8045,28109,16.3,4.0
rock county,nebraska,172,2,0.12454742939898625,0.001448225923244026,1381,33867,9.7,1.4
saline county,nebraska,3796,2,0.2649912739965096,0.00013961605584642233,14325,22324,11.6,2.8
sarpy county,nebraska,49702,131,0.28370664657396627,0.0007477681119711396,175188,33103,5.3,3.3
saunders county,nebraska,5023,16,0.2397270080656708,0.0007636138023194769,20953,31163,9.0,2.2
scotts bluff county,nebraska,9439,48,0.25853899038593225,0.001314744309622285,36509,26532,13.2,5.2
seward county,nebraska,3371,32,0.19777060721619244,0.0018773833968905838,17045,29398,9.2,2.5
sheridan county,nebraska,1000,10,0.19080328181644723,0.0019080328181644724,5241,25817,15.8,1.5
sherman county,nebraska,586,4,0.19225721784776903,0.0013123359580052493,3048,27983,10.7,1.7
sioux county,nebraska,65,0,0.0517515923566879,0.0,1256,26852,12.4,0.0
stanton county,nebraska,744,11,0.12358803986710963,0.0018272425249169434,6020,29517,9.5,3.1
thayer county,nebraska,1109,4,0.2160529904539256,0.0007792713812585232,5133,31129,10.9,1.2
thomas county,nebraska,96,1,0.14930015552099535,0.0015552099533437014,643,29243,12.4,1.9
thurston county,nebraska,1782,11,0.252586817859674,0.001559177888022679,7055,19380,30.5,15.4
valley county,nebraska,752,2,0.17685794920037629,0.00047036688617121356,4252,27271,11.5,1.5
washington county,nebraska,4552,25,0.2229842265112178,0.001224649750171451,20414,33136,9.8,1.7
wayne county,nebraska,1823,7,0.1937506642576257,0.0007439685407588479,9409,27292,13.5,2.0
webster county,nebraska,712,7,0.19794273005282179,0.0019460661662496525,3597,26136,11.3,2.1
wheeler county,nebraska,127,0,0.15011820330969267,0.0,846,28257,2.6,0.4
york county,nebraska,3920,11,0.2834008097165992,0.0007952573742047427,13832,28298,9.7,2.4
churchill county,nevada,7570,123,0.31512779951710934,0.005120306385813005,24022,25211,13.8,7.8
clark county,nevada,683020,9420,0.3233328725698672,0.004459306696155529,2112436,27719,14.6,8.3
douglas county,nevada,8704,101,0.1827342962714142,0.0021204232448773933,47632,35727,9.8,6.2
elko county,nevada,12765,153,0.24371384386276418,0.0029211295034079843,52377,32498,11.5,4.4
esmeralda county,nevada,130,5,0.11796733212341198,0.004537205081669692,1102,23755,6.8,3.9
eureka county,nevada,176,2,0.10185185185185185,0.0011574074074074073,1728,35606,10.0,0.0
humboldt county,nevada,2771,67,0.16216058052434457,0.003920880149812734,17088,29215,9.1,7.3
lander county,nevada,1325,23,0.22507219296755562,0.003906913538304739,5887,30256,13.2,7.6
lincoln county,nevada,701,12,0.13472996348260619,0.0023063617143955412,5203,27218,12.1,9.3
lyon county,nevada,12205,192,0.2333518153834388,0.003670917538190926,52303,25063,13.7,9.8
mineral county,nevada,1484,20,0.3319167971371058,0.004473272198613286,4471,22791,20.3,20.6
nye county,nevada,8982,306,0.20745565410199557,0.007067627494456763,43296,23740,17.3,11.4
pershing county,nevada,2423,32,0.36375919531601864,0.004804083470950308,6661,19201,15.0,4.2
storey county,nevada,162,15,0.04163454124903624,0.0038550501156515036,3891,36388,7.7,4.2
washoe county,nevada,130839,1349,0.29365661843425334,0.0030277117546588382,445551,31879,13.3,6.8
white pine county,nevada,1897,26,0.1924325420977886,0.0026374518157841345,9858,25350,13.0,6.2
belknap county,new hampshire,15795,190,0.2615802460957554,0.003146580991338622,60383,33849,9.1,4.9
carroll county,new hampshire,11201,67,0.2356914401144685,0.0014098139887214881,47524,35646,9.2,4.7
cheshire county,new hampshire,17352,122,0.22798880552891249,0.0016029641698090897,76109,32072,10.2,4.5
coos county,new hampshire,7807,123,0.2430648525794701,0.00382950901335658,32119,25895,13.3,6.1
grafton county,new hampshire,21511,79,0.2409386200716846,0.0008848566308243727,89280,35255,10.9,4.0
hillsborough county,new hampshire,111377,954,0.2740771364098324,0.002347608466155311,406371,37622,8.6,4.8
merrimack county,new hampshire,36676,249,0.2478811554630368,0.001682910015004258,147958,34475,7.7,4.0
rockingham county,new hampshire,77679,583,0.25680791063181246,0.001927406530701305,302479,43474,4.8,4.3
strafford county,new hampshire,34177,227,0.27006289904545167,0.0017937290599911498,126552,32540,9.5,4.4
sullivan county,new hampshire,10755,73,0.24969238269913868,0.0016947972047454323,43073,31301,9.4,3.7
atlantic county,new jersey,89852,1073,0.32921744355612875,0.0039314686032111265,272926,29941,15.3,10.9
bergen county,new jersey,320734,3708,0.3419630672125554,0.003953428863868987,937920,46601,7.2,5.2
burlington county,new jersey,138798,1364,0.3089948173609503,0.003036563429446651,449192,39528,6.4,6.9
camden county,new jersey,166044,1959,0.32494187821431086,0.003833689500504896,510996,32931,13.1,7.9
cape may county,new jersey,29823,332,0.31542374853250693,0.0035114067837840697,94549,36256,10.6,8.4
cumberland county,new jersey,51414,657,0.33180597862563893,0.004240022716712272,154952,23012,18.8,9.0
essex county,new jersey,287354,3756,0.3590125449618379,0.0046926478102850945,800401,35133,16.7,10.4
gloucester county,new jersey,89819,1044,0.30826229013082934,0.003583048474115564,291372,36205,7.9,7.4
hudson county,new jersey,234993,2841,0.3457019871836365,0.004179440858190292,679756,35910,17.1,7.1
hunterdon county,new jersey,34145,304,0.27160209040941163,0.0024181296085652696,125717,54200,4.5,4.4
mercer county,new jersey,109219,1338,0.29252843085263097,0.0035836533980426505,373362,40064,11.3,7.5
middlesex county,new jersey,271261,3011,0.32397574072481633,0.003596134185608775,837288,36558,8.6,6.4
monmouth county,new jersey,220141,2362,0.3507938000258146,0.003763837520775204,627551,46736,7.6,6.0
morris county,new jersey,163275,1668,0.32730476478760023,0.0033437105966358425,498847,53491,4.6,5.2
ocean county,new jersey,212331,3256,0.36006674591613685,0.005521460948721297,589699,33312,10.9,6.7
passaic county,new jersey,190148,2446,0.3724280842912628,0.004790789775208936,510563,29393,17.0,6.0
salem county,new jersey,18157,262,0.2846995735072755,0.004108128449573507,63776,31681,14.2,8.0
somerset county,new jersey,96609,1025,0.28984207178773297,0.0030751599083152325,333316,51923,4.8,4.9
sussex county,new jersey,45026,516,0.3136170509159295,0.0035940656125931602,143570,41272,5.3,6.4
union county,new jersey,193462,2487,0.3471291179214814,0.0044624273307973875,557320,38163,10.3,7.4
warren county,new jersey,31693,365,0.29595286119826686,0.003408411773494696,107088,37001,8.2,7.4
bernalillo county,new mexico,200979,2320,0.2978106408043209,0.0034377755221492025,674855,28340,18.0,6.7
catron county,new mexico,534,23,0.15054976036086834,0.006484352974344516,3547,22487,21.5,0.0
chaves county,new mexico,24828,365,0.37931982766523054,0.005576435359183549,65454,21177,21.2,6.3
cibola county,new mexico,9680,218,0.3578690524603497,0.008059447669045067,27049,17768,28.5,16.0
colfax county,new mexico,2870,73,0.2291966139594314,0.005829739658201565,12522,21785,23.5,10.0
curry county,new mexico,15566,236,0.3095678459916871,0.0046934351570113155,50283,22628,22.5,7.8
de baca county,new mexico,769,6,0.3814484126984127,0.002976190476190476,2016,24571,22.7,6.6
eddy county,new mexico,19409,329,0.3417498635395207,0.005792967443170813,56793,28419,14.6,5.1
grant county,new mexico,10045,119,0.3539214995419632,0.004192798252413502,28382,23898,22.0,8.1
guadalupe county,new mexico,1383,18,0.31247175779484865,0.004066877541798464,4426,18086,13.0,1.5
harding county,new mexico,104,4,0.19047619047619047,0.007326007326007326,546,30782,19.8,6.5
hidalgo county,new mexico,1353,18,0.30431848852901483,0.004048582995951417,4446,18338,26.0,9.0
lea county,new mexico,23156,413,0.3331558880656068,0.005942018559815841,69505,24507,16.1,6.2
lincoln county,new mexico,6669,77,0.34205262348053544,0.003949325537262143,19497,26820,15.4,5.2
los alamos county,new mexico,4600,26,0.2551161887859797,0.0014419610670511895,18031,52125,5.1,3.7
luna county,new mexico,8114,154,0.33364858752415805,0.00633249722439245,24319,16622,31.8,11.4
mckinley county,new mexico,34303,667,0.4708781177504152,0.009155925270079204,72849,14077,37.5,16.1
mora county,new mexico,1000,22,0.21715526601520088,0.004777415852334419,4605,16019,20.3,8.2
otero county,new mexico,17251,232,0.26487025948103793,0.003562106556118532,65130,21876,21.4,9.3
quay county,new mexico,2617,70,0.30981413519592754,0.008286965786669823,8447,18220,21.6,4.0
rio arriba county,new mexico,13636,170,0.34560892155620326,0.004308706120897224,39455,19602,26.4,8.9
roosevelt county,new mexico,6286,112,0.3254802464661109,0.005799202609641174,19313,18954,27.5,10.7
sandoval county,new mexico,45886,522,0.330555055289414,0.0037604005330836004,138815,27406,14.7,8.0
san juan county,new mexico,53406,871,0.41651523541385577,0.006792959031671879,128221,22665,20.8,9.6
san miguel county,new mexico,7778,92,0.27578626387263766,0.0032620643193986454,28203,18012,30.9,5.3
santa fe county,new mexico,40925,410,0.27743129465677835,0.0027793972097563623,147514,35801,14.4,5.5
sierra county,new mexico,2512,89,0.2232095255020437,0.007908299271370179,11254,22749,21.2,11.4
socorro county,new mexico,4816,102,0.28167037080360274,0.005965610012867002,17098,17017,26.6,4.2
taos county,new mexico,7346,111,0.22390197811576093,0.0033832180194458836,32809,23229,21.3,9.7
torrance county,new mexico,3371,63,0.21700785374018283,0.004055619930475087,15534,19129,27.1,7.8
union county,new mexico,963,19,0.22841555977229602,0.004506641366223909,4216,23180,14.2,2.5
valencia county,new mexico,24467,333,0.32259212868349924,0.004390533324543477,75845,20572,22.0,9.1
albany county,new york,80346,638,0.260373322963251,0.002067535161060341,308580,35278,12.4,5.3
allegany county,new york,11023,166,0.23255274261603376,0.0035021097046413503,47400,22377,16.5,7.3
bronx county,new york,516827,8526,0.35500114709934977,0.005856388656492514,1455846,19721,29.7,11.6
broome county,new york,60149,617,0.3066886255634191,0.003145968876833024,196124,26790,17.1,7.2
cattaraugus county,new york,19676,255,0.25169171730092743,0.0032619123760793092,78175,23984,16.9,7.0
cayuga county,new york,20886,189,0.26667858374085474,0.002413207523078691,78319,27957,11.6,5.9
chautauqua county,new york,30105,349,0.23007963560215827,0.0026672576922489033,130846,23962,18.5,7.7
chemung county,new york,27114,268,0.3120748592935327,0.003084608036094518,86883,27209,15.8,5.3
chenango county,new york,12096,143,0.24805692840883456,0.002932551319648094,48763,25233,14.5,6.7
clinton county,new york,23348,137,0.2874519846350832,0.0016866935881020388,81224,25833,15.7,5.8
columbia county,new york,14214,182,0.23119337681560156,0.002960264146646932,61481,34737,11.4,5.0
cortland county,new york,13742,139,0.2843133198162784,0.0028758224024496215,48334,26271,14.7,4.9
delaware county,new york,10373,94,0.22574537540805223,0.002045701849836779,45950,26016,16.5,7.1
dutchess county,new york,86420,751,0.292270490555828,0.0025398650591000557,295685,36704,9.1,6.7
erie county,new york,274290,2698,0.2968522556940243,0.0029199292203962142,923995,31083,14.9,5.5
essex county,new york,7999,87,0.20921716841472027,0.0022755211466534146,38233,29008,8.9,6.7
franklin county,new york,12494,60,0.24472127551220277,0.001175226231049477,51054,24294,19.4,8.2
fulton county,new york,16928,187,0.31374293392642016,0.0034658511722731908,53955,26298,16.0,7.6
genesee county,new york,16918,209,0.2890137861523481,0.0035703913763944174,58537,27499,12.8,5.1
greene county,new york,11254,155,0.23548366847314348,0.003243288485279655,47791,27402,12.4,6.2
hamilton county,new york,1122,5,0.24149806284976325,0.001076194575979337,4646,24891,9.7,11.2
herkimer county,new york,17772,216,0.28235069825079834,0.0034316762785377244,62943,24932,14.9,8.2
jefferson county,new york,27967,165,0.23992210488388652,0.00141549495140134,116567,24717,14.8,8.0
kings county,new york,921654,14264,0.34975775305953694,0.005413034164275569,2635121,29928,21.9,8.1
lewis county,new york,7499,61,0.2793443844291302,0.0022723039672192216,26845,25779,14.2,7.6
livingston county,new york,14720,145,0.22866729840150374,0.002252497164960465,64373,25882,14.6,4.8
madison county,new york,17175,152,0.23933946488294314,0.002118171683389075,71760,28010,11.1,4.4
monroe county,new york,196930,1923,0.2630362771811722,0.0025685205962493987,748680,31291,14.8,6.6
montgomery county,new york,15355,240,0.3102020202020202,0.0048484848484848485,49500,25307,19.6,7.3
nassau county,new york,556923,4391,0.4085801966004656,0.0032214069867336137,1363069,46839,5.9,4.9
new york county,new york,595433,6186,0.36002254097493347,0.0037403023320355744,1653877,69529,17.3,6.2
niagara county,new york,60650,651,0.28517691313036325,0.0030610085811684493,212675,28395,13.4,6.2
oneida county,new york,70243,902,0.3023493052805565,0.0038825089099705583,232324,27283,16.6,6.0
onondaga county,new york,145336,1241,0.3107668030166635,0.0026535861902328354,467669,31436,14.9,6.4
ontario county,new york,26952,234,0.24615721840151245,0.0021371619585171383,109491,33685,9.7,4.7
orange county,new york,142325,1070,0.37634792450036225,0.0028293854151792562,378174,32616,12.2,5.6
orleans county,new york,10790,132,0.25947479799923046,0.003174297806848788,41584,23929,15.9,6.5
oswego county,new york,35424,243,0.29561139252125873,0.0020278220523561956,119833,25791,18.3,8.6
otsego county,new york,13620,113,0.22419753086419753,0.001860082304526749,60750,26688,16.1,6.7
putnam county,new york,32138,149,0.32311187967505833,0.0014980294377865359,99464,44063,4.8,5.3
queens county,new york,873689,13448,0.37348628637871484,0.0057487774015936525,2339280,28814,13.7,6.9
rensselaer county,new york,42555,331,0.26630162703379223,0.0020713391739674595,159800,33067,12.6,5.8
richmond county,new york,213140,2749,0.4478220309781741,0.005775841058266869,475948,33922,12.9,5.5
rockland county,new york,121316,988,0.37324899162223446,0.0030397474671334996,325027,36898,14.2,6.3
st. lawrence county,new york,26943,229,0.2431305666098162,0.0020664699459469215,110817,23554,19.4,8.8
saratoga county,new york,62787,425,0.2770438419993646,0.0018752868085707226,226632,39653,6.6,4.6
schenectady county,new york,44559,393,0.2870348301651003,0.0025315803374152115,155239,29981,12.4,7.3
schoharie county,new york,6714,46,0.212394419664041,0.0014551896491727563,31611,26953,13.9,7.5
schuyler county,new york,4400,32,0.24293286219081273,0.0017667844522968198,18112,25285,15.3,7.2
seneca county,new york,7914,97,0.2271331400855265,0.002783916425106908,34843,26541,11.8,4.9
steuben county,new york,25891,284,0.265442540932345,0.0029116558504803207,97539,27731,14.5,7.0
suffolk county,new york,575698,5011,0.3844150120693512,0.0033460314704576335,1497595,40277,7.2,5.4
sullivan county,new york,25201,155,0.33254159903936237,0.0020453135927582704,75783,28224,15.9,9.3
tioga county,new york,14376,95,0.2914723652731033,0.001926118162280524,49322,30252,11.2,6.5
tompkins county,new york,27236,106,0.2608437485035675,0.0010151798113297898,104415,29759,20.4,4.8
ulster county,new york,44178,428,0.24525756541145513,0.0023760749240821855,180129,32453,13.2,7.1
warren county,new york,19349,161,0.2990525648753497,0.002488369576977172,64701,33127,9.9,4.8
washington county,new york,16237,140,0.26111638229097983,0.0022514191981731343,62183,26064,12.8,6.6
wayne county,new york,22592,218,0.24706371251722403,0.0023840248463506924,91442,27318,11.7,6.4
westchester county,new york,340721,3032,0.3493424216232399,0.0031087201034326133,975321,52049,9.4,6.5
wyoming county,new york,10120,98,0.24751748764858386,0.0023969084772293694,40886,25635,11.4,6.5
yates county,new york,4544,45,0.18115855360204122,0.001794043774668102,25083,26608,13.1,6.0
alamance county,north carolina,62441,585,0.3955867818859127,0.0037061909226831554,157844,25157,17.6,6.0
alexander county,north carolina,12844,161,0.34564977528997015,0.004332732312494954,37159,22655,14.7,6.7
alleghany county,north carolina,3810,23,0.3484224965706447,0.0021033379058070416,10935,21153,21.0,5.7
anson county,north carolina,8549,114,0.33484783204731505,0.004465160001566723,25531,19105,22.7,13.4
ashe county,north carolina,7692,96,0.2866619461111318,0.0035776841948347185,26833,23650,19.4,6.3
avery county,north carolina,5608,49,0.31981750784145996,0.0027944111776447107,17535,21704,14.7,5.5
beaufort county,north carolina,16239,189,0.3432031448135937,0.003994420492011159,47316,24657,19.1,9.0
bertie county,north carolina,5515,78,0.27695475317631696,0.003917039120172752,19913,18319,22.0,12.7
bladen county,north carolina,12161,150,0.35631409317316143,0.0043949604453559915,34130,20839,24.5,7.9
brunswick county,north carolina,41603,389,0.3393780692738159,0.0031732824302938343,122586,29707,14.1,7.8
buncombe county,north carolina,71806,727,0.2846417302234132,0.0028818558041447985,252268,29590,13.2,4.7
burke county,north carolina,32201,371,0.36222412202749216,0.004173322234470967,88898,21885,19.3,9.3
cabarrus county,north carolina,72938,576,0.37077817767746396,0.0029280790581345697,196716,29143,11.5,6.8
caldwell county,north carolina,30720,376,0.3755271682659984,0.004596296069922377,81805,21991,16.4,7.9
camden county,north carolina,2236,10,0.2163312693498452,0.0009674922600619195,10336,27468,9.0,8.9
carteret county,north carolina,18640,165,0.2713285491782995,0.0024017816853229303,68699,30903,12.5,8.0
caswell county,north carolina,6697,61,0.29330355187666973,0.002671571847764201,22833,21692,21.3,8.4
catawba county,north carolina,61135,685,0.39143435223009054,0.004385908747486907,156182,25960,14.2,7.4
chatham county,north carolina,18401,137,0.2691621321163185,0.0020039787022409455,68364,36933,13.3,5.6
cherokee county,north carolina,8811,138,0.3208316644212213,0.005024942650111059,27463,21152,16.8,7.7
chowan county,north carolina,5340,67,0.37160751565762007,0.004662491301322199,14370,23542,22.8,11.9
clay county,north carolina,3529,52,0.3281874825630057,0.004835859760066958,10753,25433,17.5,7.1
cleveland county,north carolina,37001,457,0.3813042313320555,0.004709495249283786,97038,21664,19.9,10.3
columbus county,north carolina,19329,300,0.3415681492869639,0.005301383661135557,56589,21849,23.6,7.0
craven county,north carolina,32413,268,0.31355079613829395,0.0025925281018437905,103374,26830,15.4,8.1
cumberland county,north carolina,117076,749,0.35182680922930826,0.0022508309142159955,332766,23627,18.2,10.0
currituck county,north carolina,6411,40,0.2539311601378382,0.0015843466550481246,25247,29340,9.1,4.8
dare county,north carolina,10138,35,0.28628713430475544,0.0009883655258104598,35412,30898,8.9,5.2
davidson county,north carolina,56717,514,0.3455867119999025,0.003131892906323499,164118,24231,15.8,8.2
davie county,north carolina,15073,127,0.36089163434372457,0.0030407508499736627,41766,29234,14.0,6.5
duplin county,north carolina,21055,265,0.35475989890480203,0.0044650379106992415,59350,18529,26.3,9.3
durham county,north carolina,104443,421,0.3471424060625197,0.0013992986887806824,300865,33151,16.4,5.8
edgecombe county,north carolina,17711,185,0.32778723719277464,0.0034238969499555817,54032,18946,24.6,10.2
forsyth county,north carolina,126962,997,0.34466638795532656,0.002706576682719716,368362,28640,18.7,6.9
franklin county,north carolina,26656,101,0.417373876554035,0.001581436131901168,63866,23862,16.4,7.3
gaston county,north carolina,82513,983,0.38548650075450014,0.0045924064116160315,214049,24937,16.5,8.3
gates county,north carolina,2473,22,0.2131712783380743,0.0018963882423928971,11601,24335,12.4,8.8
graham county,north carolina,2999,31,0.3484373184617172,0.003601719530614616,8607,19095,19.0,8.3
granville county,north carolina,19816,134,0.3387176725979864,0.002290480830042904,58503,24859,14.3,6.6
greene county,north carolina,7235,80,0.3435585735315067,0.0037988508476185954,21059,18662,25.8,9.4
guilford county,north carolina,162354,1500,0.31391133359242224,0.002900248841350588,517197,28582,16.7,6.6
halifax county,north carolina,19068,212,0.3645889101338432,0.004053537284894837,52300,20406,26.8,9.6
harnett county,north carolina,43099,382,0.33474171475616105,0.0029669211591186223,128753,22351,18.0,9.3
haywood county,north carolina,17394,262,0.29060714405052296,0.004377318140809302,59854,27166,16.6,5.1
henderson county,north carolina,33775,384,0.30114305075074005,0.0034238025607189987,112156,28290,11.8,3.5
hertford county,north carolina,6424,103,0.26477619322397167,0.00424532190256368,24262,18383,23.3,10.0
hoke county,north carolina,19677,144,0.37429381217781665,0.002739152764832322,52571,19654,21.9,12.4
hyde county,north carolina,1719,15,0.31214817504993647,0.002723806065008171,5507,19181,20.3,11.0
iredell county,north carolina,62407,561,0.36753672010271027,0.0033039258412937726,169798,30393,12.7,7.2
jackson county,north carolina,12389,111,0.29692031156381066,0.0026602756141402037,41725,23674,21.6,4.8
johnston county,north carolina,76467,507,0.410433261051592,0.002721300212551259,186308,24872,14.5,6.5
jones county,north carolina,2938,49,0.300531914893617,0.0050122749590834695,9776,21058,26.4,11.5
lee county,north carolina,20262,181,0.33880110358665666,0.0030265028007691666,59805,23613,17.5,7.4
lenoir county,north carolina,20460,255,0.3531604929747644,0.004401560396313046,57934,21594,22.3,11.6
lincoln county,north carolina,30642,211,0.38062704958759813,0.0026209877770048693,80504,27359,15.2,7.9
mcdowell county,north carolina,17509,199,0.3884931993166034,0.004415451862699416,45069,20439,19.3,7.4
macon county,north carolina,9885,138,0.2893735362997658,0.004039812646370024,34160,27282,17.7,4.9
madison county,north carolina,6381,93,0.2989178807326556,0.004356584063334426,21347,22653,17.8,6.9
martin county,north carolina,7636,100,0.32875532785120765,0.00430533430920911,23227,22161,19.2,9.6
mecklenburg county,north carolina,371088,1932,0.3587852536522639,0.0018679480609886975,1034290,35669,13.4,6.8
mitchell county,north carolina,4815,43,0.3177169251072253,0.002837347410095678,15155,22302,15.4,4.7
montgomery county,north carolina,9129,151,0.33262889415194025,0.005501912916742576,27445,20900,20.9,5.9
moore county,north carolina,31962,387,0.3393317832913973,0.004108672803134057,94191,31554,13.3,6.3
nash county,north carolina,32831,380,0.34880212483399736,0.004037184594953519,94125,25232,15.9,7.9
new hanover county,north carolina,65068,476,0.29594389309852365,0.0021649550180564527,219866,31708,18.0,7.0
northampton county,north carolina,5971,100,0.29232350925291295,0.004895721139723881,20426,19126,25.4,10.2
onslow county,north carolina,65719,437,0.34106962140280767,0.0022679502815476037,192685,23141,14.1,10.6
orange county,north carolina,39892,159,0.2813020054720334,0.0011212027190928835,141812,38348,14.0,5.2
pamlico county,north carolina,3485,37,0.2722018276966336,0.002889947668515192,12803,25461,15.1,8.1
pasquotank county,north carolina,10758,136,0.27203762706721285,0.003439033024831841,39546,23714,18.1,7.0
pender county,north carolina,18833,156,0.32679160159639076,0.002706923477355544,57630,25997,15.8,8.3
perquimans county,north carolina,3605,27,0.26691840663408856,0.0019991115059973343,13506,25848,18.8,8.4
person county,north carolina,12289,122,0.31317533129459735,0.003109072375127421,39240,24477,18.1,10.9
pitt county,north carolina,67576,307,0.3829015661476394,0.001739534462047551,176484,25462,24.3,10.1
polk county,north carolina,5112,73,0.2501712831555251,0.0035724772438093374,20434,29728,10.9,6.3
randolph county,north carolina,44950,523,0.3147164051614891,0.0036617726340257796,142827,22349,16.7,6.1
richmond county,north carolina,16610,218,0.3654806697911853,0.004796796268180518,45447,19966,26.1,10.0
robeson county,north carolina,52675,605,0.39254920372316243,0.004508633474181552,134187,17161,29.2,9.6
rockingham county,north carolina,27965,337,0.30540812091824476,0.0036804053906471833,91566,22521,18.5,7.2
rowan county,north carolina,52141,657,0.37527709802792575,0.004728659853174032,138940,23838,16.8,9.2
rutherford county,north carolina,21828,439,0.3281271139305203,0.0065992213219488,66523,21092,19.6,8.7
sampson county,north carolina,23724,219,0.37264388037195273,0.003439934656948982,63664,20872,24.3,9.5
scotland county,north carolina,13038,150,0.3678374947101143,0.004231908590774439,35445,17103,29.8,12.7
stanly county,north carolina,24238,292,0.3981601642710472,0.004796714579055441,60875,23398,15.7,8.0
stokes county,north carolina,15829,212,0.34318359205619636,0.004596305610961755,46124,23500,13.9,7.0
surry county,north carolina,28946,431,0.4002765677936804,0.005960035953813178,72315,22533,17.6,5.1
swain county,north carolina,5097,53,0.35874155405405406,0.003730292792792793,14208,20918,20.9,7.4
transylvania county,north carolina,8503,88,0.25541437625784746,0.0026433570634706075,33291,26037,15.5,6.8
tyrrell county,north carolina,1234,10,0.3017114914425428,0.0024449877750611247,4090,17736,26.8,8.5
union county,north carolina,80144,542,0.360854589252347,0.002440397127355411,222095,32754,9.4,6.1
vance county,north carolina,16070,143,0.36177397568662767,0.003219270598829356,44420,21188,23.0,11.0
wake county,north carolina,394227,1358,0.38505837503211043,0.001326416692143374,1023811,37315,10.1,4.9
warren county,north carolina,5938,54,0.2941059930658742,0.002674591381872214,20190,21543,22.3,8.1
washington county,north carolina,3932,59,0.3188711377828238,0.004784688995215311,12331,21117,24.1,10.4
watauga county,north carolina,15260,79,0.2856554538477378,0.001478819190954868,53421,24545,28.3,8.1
wayne county,north carolina,42474,459,0.34116758771366146,0.0036868654414599668,124496,23163,21.2,9.7
wilkes county,north carolina,23301,312,0.3400364830353885,0.004553082816490332,68525,21798,20.9,7.5
wilson county,north carolina,27980,364,0.3438233450890279,0.004472898413595645,81379,23383,20.6,8.1
yadkin county,north carolina,15325,146,0.4051553205551884,0.003859881031064111,37825,23038,17.3,5.9
yancey county,north carolina,6419,71,0.36461232604373756,0.004032945186026697,17605,21947,19.6,8.3
adams county,north dakota,703,10,0.296875,0.004222972972972973,2368,35933,9.2,1.6
barnes county,north dakota,3801,47,0.3464588460486738,0.00428402151125695,10971,32517,10.0,3.1
benson county,north dakota,2316,23,0.33687272727272727,0.0033454545454545456,6875,21658,33.3,6.5
billings county,north dakota,171,1,0.17395727365208546,0.001017293997965412,983,44683,10.3,3.9
bottineau county,north dakota,1915,26,0.2879266275748008,0.0039091865884829345,6651,35698,8.6,3.3
bowman county,north dakota,938,9,0.2907625542467452,0.002789832610043397,3226,36318,8.5,1.6
burke county,north dakota,498,3,0.2210386151797603,0.0013315579227696406,2253,35674,7.3,2.6
burleigh county,north dakota,41882,303,0.45340579396353875,0.0032802147837006886,92372,36483,8.5,1.8
cass county,north dakota,72221,333,0.42328566404876333,0.00195170554448482,170620,34193,11.2,2.7
cavalier county,north dakota,1014,7,0.26565365470264607,0.0018339009693476552,3817,43144,8.6,1.3
dickey county,north dakota,1856,39,0.3681809164848244,0.0077365602063082725,5041,30510,6.3,2.6
divide county,north dakota,611,4,0.2569386038687973,0.001682085786375105,2378,39171,13.0,2.4
dunn county,north dakota,1211,8,0.27845481719935616,0.0018395033340997931,4349,42438,10.6,3.5
eddy county,north dakota,913,6,0.3933649289099526,0.0025850926324859974,2321,35444,13.2,1.6
emmons county,north dakota,844,18,0.24904101504868692,0.005311301268810859,3389,29622,11.9,1.8
foster county,north dakota,1179,23,0.3553345388788427,0.006931886678722122,3318,32665,7.1,1.1
golden valley county,north dakota,518,4,0.273784355179704,0.0021141649048625794,1892,28840,9.4,0.9
grand forks county,north dakota,27492,125,0.3920148296021674,0.0017824041066590618,70130,30465,17.0,3.8
grant county,north dakota,560,11,0.23460410557184752,0.004608294930875576,2387,33537,12.8,2.4
griggs county,north dakota,706,2,0.3101933216168717,0.0008787346221441124,2276,33416,8.0,3.0
hettinger county,north dakota,969,8,0.37254901960784315,0.0030757400999615533,2601,32544,9.3,2.2
kidder county,north dakota,609,13,0.24786324786324787,0.005291005291005291,2457,34455,6.9,1.3
lamoure county,north dakota,1194,20,0.29079396005845104,0.004870920603994155,4106,36653,10.7,0.8
logan county,north dakota,564,12,0.2919254658385093,0.006211180124223602,1932,31952,7.5,1.7
mchenry county,north dakota,1607,31,0.27003864896656027,0.00520920853638044,5951,36874,7.9,2.2
mcintosh county,north dakota,913,9,0.34067164179104475,0.0033582089552238806,2680,31133,9.9,1.7
mckenzie county,north dakota,3687,25,0.31569483688671973,0.002140594228957959,11679,38324,11.7,3.9
mclean county,north dakota,3236,49,0.3368377224940148,0.005100447590298741,9607,36953,8.9,1.6
mercer county,north dakota,3080,24,0.3566053027671645,0.0027787426189649182,8637,36720,7.3,1.3
morton county,north dakota,13486,142,0.44865098639342627,0.0047240427159918824,30059,37335,7.9,2.4
mountrail county,north dakota,3977,37,0.39825756058481876,0.0037051872621670337,9986,40113,11.2,4.7
nelson county,north dakota,940,18,0.3163917872770111,0.006058566139347021,2971,33599,8.4,0.5
oliver county,north dakota,380,5,0.20856201975850713,0.0027442371020856204,1822,38604,3.1,2.3
pembina county,north dakota,2450,16,0.3475177304964539,0.0022695035460992908,7050,34824,5.6,3.1
pierce county,north dakota,1261,32,0.29517790262172283,0.00749063670411985,4272,26619,17.6,1.6
ramsey county,north dakota,4458,57,0.38517366511145673,0.004924831518921721,11574,33884,12.1,1.3
ransom county,north dakota,1970,28,0.3640731842542968,0.00517464424320828,5411,33574,6.6,2.4
renville county,north dakota,677,15,0.266220998820291,0.005898545025560362,2543,30888,4.8,0.9
richland county,north dakota,4894,23,0.2996387681381253,0.0014081920039184473,16333,29818,9.7,2.4
rolette county,north dakota,8270,43,0.5642355188647062,0.002933751790953128,14657,18075,32.4,7.4
sargent county,north dakota,1340,9,0.34509399948493436,0.0023177955189286636,3883,36207,4.3,1.0
sheridan county,north dakota,348,7,0.248039914468995,0.004989308624376337,1403,34172,15.4,3.6
sioux county,north dakota,1710,19,0.38687782805429866,0.004298642533936652,4420,15944,37.1,19.1
slope county,north dakota,74,0,0.10979228486646884,0.0,674,35118,6.8,1.3
stark county,north dakota,14013,86,0.46223116506135375,0.00283678585565378,30316,37978,8.1,3.2
steele county,north dakota,448,2,0.23394255874673628,0.0010443864229765013,1915,40479,3.8,1.8
stutsman county,north dakota,8464,97,0.4019375059359863,0.004606325387026308,21058,31182,11.1,1.5
towner county,north dakota,765,12,0.3387953941541187,0.005314437555358724,2258,36099,12.4,3.7
traill county,north dakota,2550,26,0.3167701863354037,0.003229813664596273,8050,31774,6.9,2.9
walsh county,north dakota,4197,34,0.38434065934065936,0.0031135531135531138,10920,30693,9.9,2.6
ward county,north dakota,24467,251,0.3513959901189177,0.0036048716033779513,69628,33414,8.4,2.7
wells county,north dakota,1231,12,0.30105160185864516,0.00293470286133529,4089,33580,5.8,2.0
williams county,north dakota,12487,68,0.37935958196621705,0.0020658646251063314,32916,44474,9.0,2.0
adams county,ohio,9012,156,0.32271001933681875,0.005586192079066103,27926,20248,23.8,7.5
allen county,ohio,34498,514,0.33121153643058077,0.004934857954818207,104157,24551,15.0,7.2
ashland county,ohio,15177,238,0.2847520591380701,0.004465374584889022,53299,24612,14.2,4.2
ashtabula county,ohio,26559,457,0.2693009673298047,0.004633854515219728,98622,21936,19.8,7.4
athens county,ohio,20276,155,0.3092597959214801,0.002364138309717371,65563,20062,30.2,8.7
auglaize county,ohio,14476,202,0.3162217659137577,0.004412599938835248,45778,28340,9.0,3.4
belmont county,ohio,19466,152,0.28257051198304517,0.0022064480541160417,68889,25326,14.1,6.8
brown county,ohio,14310,181,0.3267197881230165,0.004132514440968972,43799,24525,17.8,6.5
butler county,ohio,117929,1243,0.31388973175548707,0.00330847320482723,375702,29745,12.9,5.4
carroll county,ohio,6450,138,0.23180592991913745,0.004959568733153639,27825,26908,14.8,4.7
champaign county,ohio,10916,163,0.2798615562107422,0.004178951416485066,39005,25528,11.1,7.3
clark county,ohio,44152,627,0.3257969303423849,0.004626623376623376,135520,25270,16.6,7.7
clermont county,ohio,66584,622,0.3293531058634983,0.0030766795603612875,202166,31812,9.8,4.4
clinton county,ohio,13020,185,0.31096993001982376,0.0044185435525090164,41869,25238,14.7,6.6
columbiana county,ohio,30130,479,0.2880937810754991,0.004580050485733955,104584,24758,15.4,7.5
coshocton county,ohio,10201,171,0.2787006174525982,0.004671875853778482,36602,21520,15.0,6.7
crawford county,ohio,14387,228,0.34067391252871115,0.005398877601761739,42231,24386,16.2,6.4
cuyahoga county,ohio,357000,4174,0.2839189725473417,0.0033195456342089754,1257401,30441,18.3,8.9
darke county,ohio,15253,230,0.2937845490090333,0.004429977464897244,51919,24768,11.6,5.1
defiance county,ohio,12580,152,0.3283652214768604,0.003967528908146486,38311,26941,11.0,5.0
delaware county,ohio,56850,303,0.2945229608753316,0.0015697529840848806,193024,45116,5.1,2.6
erie county,ohio,25317,295,0.3359073359073359,0.003914076079024532,75369,30223,13.0,6.5
fairfield county,ohio,47966,463,0.3165529348098676,0.0030555812203846206,151526,29582,9.9,5.1
fayette county,ohio,9529,133,0.3324959000662968,0.004640776021494121,28659,24013,17.7,6.3
franklin county,ohio,371664,2831,0.2964993414476345,0.002258463654371296,1253507,31199,16.7,5.7
fulton county,ohio,12830,185,0.3033383771515037,0.004373936069604691,42296,27922,10.6,5.9
gallia county,ohio,10602,117,0.35102473264245276,0.003873787372115353,30203,22293,20.9,5.8
geauga county,ohio,20883,293,0.22240800894616328,0.0031205069492518237,93895,39513,6.5,3.5
greene county,ohio,49087,544,0.2978128317912938,0.0033004701956620658,164825,33138,12.3,5.7
guernsey county,ohio,13815,166,0.3505099710762673,0.004211701425889278,39414,22864,20.2,8.5
hamilton county,ohio,242122,2238,0.2993954517294977,0.0027673942102354014,808703,32638,17.0,7.0
hancock county,ohio,21739,291,0.2879032685278381,0.0038538962758912962,75508,29608,12.1,4.5
hardin county,ohio,8918,166,0.28242969343805424,0.00525715733468457,31576,21099,16.6,6.8
harrison county,ohio,4213,67,0.273624732090667,0.0043514970448788725,15397,22965,15.7,4.9
henry county,ohio,7981,112,0.2906091832647562,0.004078214324727816,27463,27325,9.0,4.5
highland county,ohio,13713,188,0.3186772326927099,0.004368943319932142,43031,22079,21.6,7.3
hocking county,ohio,8767,134,0.3071075769783165,0.0046940133814411325,28547,23192,14.2,7.4
holmes county,ohio,5953,192,0.13588842220598976,0.004382761139517896,43808,21143,12.0,2.8
huron county,ohio,18185,228,0.3108706429389541,0.003897635776193651,58497,24193,14.2,5.8
jackson county,ohio,11998,149,0.36776606179499755,0.00456718979892104,32624,21730,20.6,10.8
jefferson county,ohio,19053,255,0.2828995233782239,0.0037862477542354007,67349,24028,17.6,7.9
knox county,ohio,16678,247,0.2736565756009517,0.004052834522930511,60945,24523,13.8,5.8
lake county,ohio,62956,831,0.27407804058319296,0.0036177465487742763,229701,32125,8.3,4.8
lawrence county,ohio,24785,64,0.40593216175049546,0.001048200861490083,61057,22844,18.6,6.5
licking county,ohio,53509,521,0.313508477952636,0.003052531667818934,170678,29093,11.8,5.9
logan county,ohio,12886,182,0.28431480705160733,0.004015621207775302,45323,26525,13.7,5.8
lorain county,ohio,91693,1071,0.30023411535502037,0.003506818814361258,305405,28555,13.7,7.0
lucas county,ohio,127984,1509,0.2952995357680132,0.003481739900877703,433404,27111,19.8,8.5
madison county,ohio,11710,144,0.26776730997896275,0.0032927833165645294,43732,27798,10.2,5.4
mahoning county,ohio,68726,1192,0.2964154629793364,0.005141099902094826,231857,25901,17.6,8.2
marion county,ohio,24830,287,0.3791823832139639,0.004382816914313639,65483,22579,16.6,7.9
medina county,ohio,51671,537,0.2929826153026162,0.0030448736122293918,176362,34174,6.2,3.6
meigs county,ohio,6534,96,0.2812257897908238,0.004131875699406043,23234,22396,22.5,10.4
mercer county,ohio,11600,136,0.2848513125260909,0.0033396360778921003,40723,27540,7.4,3.9
miami county,ohio,32348,522,0.3107963989585035,0.005015324602953469,104081,28051,9.9,5.5
monroe county,ohio,4284,59,0.3008638247067912,0.004143549406559449,14239,23154,19.7,5.9
montgomery county,ohio,164777,2238,0.30973877181209314,0.004206869716741199,531987,27602,17.9,8.0
morgan county,ohio,4258,64,0.2882285250118459,0.0043322277127191494,14773,22122,21.5,5.5
morrow county,ohio,9525,115,0.27264920566766854,0.0032918276799771004,34935,24864,9.7,4.3
muskingum county,ohio,32146,327,0.37408213375536753,0.0038052901679215202,85933,22877,16.6,6.9
noble county,ohio,3941,61,0.2718305973237688,0.004207476893364602,14498,23119,12.9,4.8
ottawa county,ohio,11061,150,0.2713090828816012,0.0036792661090534473,40769,31574,10.5,4.9
paulding county,ohio,5643,63,0.2977679278138357,0.0033243628304574957,18951,24319,10.7,5.0
perry county,ohio,10490,134,0.2915265542061529,0.003723980768696329,35983,21557,19.2,7.6
pickaway county,ohio,21486,242,0.3764520367936925,0.004240035041611914,57075,25460,12.0,5.2
pike county,ohio,10086,138,0.3565091371814358,0.004877876356438444,28291,21983,20.0,9.9
portage county,ohio,45004,484,0.2776653504442251,0.0029861796643632773,162080,27985,14.5,7.2
preble county,ohio,11778,185,0.2849883855981417,0.004476384049554781,41328,25374,12.4,5.8
putnam county,ohio,10058,168,0.29550195375620647,0.004935805153215619,34037,28568,7.2,2.9
richland county,ohio,39682,547,0.3265121407354381,0.004500835164111805,121533,23439,15.6,7.5
ross county,ohio,25367,327,0.32890761750405184,0.004239870340356564,77125,22714,18.2,7.6
sandusky county,ohio,17843,259,0.2995852851794019,0.004348629090481707,59559,25219,13.6,5.4
scioto county,ohio,28287,255,0.3679801225429616,0.003317245775389939,76871,22586,23.9,7.9
seneca county,ohio,15975,249,0.2875839349043187,0.004482528938414733,55549,25004,15.2,5.9
shelby county,ohio,13451,208,0.2750603247310948,0.004253404768721116,48902,28410,8.9,5.3
stark county,ohio,99786,1839,0.2666128734907407,0.004913525688468043,374273,27401,14.0,6.7
summit county,ohio,145563,1871,0.2689047842488149,0.0034563786905294114,541318,30803,13.6,6.4
trumbull county,ohio,53598,957,0.26358678279343567,0.004706379923379938,203341,25542,17.2,5.9
tuscarawas county,ohio,25914,549,0.2800574942451719,0.005933146729204267,92531,25054,13.8,4.9
union county,ohio,20168,117,0.3687829139847864,0.0021394090111176126,54688,33066,7.4,2.8
van wert county,ohio,8320,136,0.29438822447102114,0.004812115207699384,28262,26130,12.7,5.3
vinton county,ohio,3747,60,0.28511642063612846,0.004565515142291888,13142,19876,21.1,10.6
warren county,ohio,73540,644,0.32849715010631264,0.0028766951953829935,223868,37479,5.1,4.5
washington county,ohio,15734,228,0.2584810500895336,0.0037456259959586665,60871,26608,15.5,4.2
wayne county,ohio,28944,479,0.24970021136177373,0.0041323383513781654,115915,25762,13.0,4.0
williams county,ohio,12189,142,0.3288902080354011,0.003831521005909177,37061,24160,13.5,5.0
wood county,ohio,39127,396,0.3021296639486039,0.0030578206078576723,129504,30042,13.4,5.5
wyandot county,ohio,6747,112,0.30405588102748987,0.005047318611987382,22190,25431,11.3,4.2
adair county,oklahoma,9983,80,0.45098482110589083,0.003614022406938923,22136,16576,30.8,5.5
alfalfa county,oklahoma,1896,17,0.3226135783563042,0.0028926322953888037,5877,28007,11.2,4.5
atoka county,oklahoma,4773,58,0.34340600043168573,0.004172962083603137,13899,19439,19.8,6.6
beaver county,oklahoma,1200,12,0.22038567493112948,0.0022038567493112946,5445,25935,11.7,3.9
beckham county,oklahoma,7345,109,0.31975099037917376,0.004745113403857037,22971,23883,12.6,4.6
blaine county,oklahoma,2971,53,0.3069214876033058,0.005475206611570248,9680,22823,15.0,3.6
bryan county,oklahoma,17609,150,0.3907206887370196,0.003328303896334428,45068,22171,17.5,6.4
caddo county,oklahoma,10348,191,0.35153038692801575,0.006488432924550735,29437,21071,20.8,7.6
canadian county,oklahoma,48889,446,0.3678021696935045,0.0033553512586328824,132922,29852,7.9,4.3
carter county,oklahoma,19657,275,0.4060776334001281,0.005680996550085731,48407,24965,16.4,6.4
cherokee county,oklahoma,17812,167,0.3679861168498471,0.00345012808858772,48404,19799,21.1,7.9
choctaw county,oklahoma,5113,74,0.34134454903531614,0.004940249682889379,14979,19446,31.0,8.6
cimarron county,oklahoma,720,9,0.32417829806393517,0.00405222872579919,2221,28461,15.9,2.3
cleveland county,oklahoma,101912,928,0.37190902986599716,0.0033865646804659448,274024,29231,12.6,4.8
coal county,oklahoma,2154,28,0.38016237204376985,0.004941757853865161,5666,24004,20.3,7.9
comanche county,oklahoma,39666,444,0.3223148554434206,0.0036078201940422214,123066,25186,16.7,8.8
cotton county,oklahoma,1705,35,0.2841666666666667,0.005833333333333334,6000,21887,15.4,8.7
craig county,oklahoma,6101,67,0.41893840554830736,0.004600700405136304,14563,20666,17.9,5.5
creek county,oklahoma,23136,368,0.3263233614014302,0.005190482235292458,70899,24056,15.2,4.2
custer county,oklahoma,9867,183,0.3382700812506428,0.006273783811580788,29169,24621,15.8,3.6
delaware county,oklahoma,13936,227,0.3327761593199293,0.005420507187544773,41878,22175,19.0,8.3
dewey county,oklahoma,1254,35,0.25570962479608483,0.007137030995106036,4904,25821,18.6,2.3
ellis county,oklahoma,1048,12,0.2554851292052657,0.0029254022428083864,4102,27272,17.2,5.6
garfield county,oklahoma,18276,325,0.2927860816071514,0.005206581118533827,62421,25787,13.6,5.3
garvin county,oklahoma,8812,161,0.3175381067348924,0.0058015927353969226,27751,22433,17.1,3.5
grady county,oklahoma,17386,271,0.3198837187908226,0.004986108811245424,54351,27334,12.4,3.8
grant county,oklahoma,1264,17,0.2835352175863616,0.003813369223867205,4458,29002,9.6,3.5
greer county,oklahoma,1615,44,0.268361581920904,0.007311399135925557,6018,20073,19.2,6.6
harmon county,oklahoma,917,15,0.33248730964467005,0.005438723712835388,2758,21620,16.1,6.2
harper county,oklahoma,844,13,0.2196200884725475,0.0033827738745771533,3843,23536,13.2,3.2
haskell county,oklahoma,3418,43,0.2681625608033893,0.0033736074062450964,12746,20009,19.2,8.9
hughes county,oklahoma,3150,67,0.2330053998076781,0.004955987868925217,13519,18004,20.1,8.6
jackson county,oklahoma,8342,121,0.32619066239149136,0.004731367795417221,25574,22988,18.0,5.2
jefferson county,oklahoma,1611,29,0.2569377990430622,0.004625199362041467,6270,19130,20.9,7.2
johnston county,oklahoma,3974,61,0.3599963764833771,0.005525862849895824,11039,21022,20.0,6.6
kay county,oklahoma,15903,239,0.35204657649480886,0.0052907710357957185,45173,24057,17.6,6.9
kingfisher county,oklahoma,4891,74,0.31534493874919406,0.004771115409413282,15510,31885,8.9,5.2
kiowa county,oklahoma,2440,60,0.267338665497973,0.006573901610605895,9127,23076,23.9,6.1
latimer county,oklahoma,2754,43,0.2592976179267489,0.004048582995951417,10621,24233,18.9,7.4
le flore county,oklahoma,15202,117,0.30489370236662655,0.0023465703971119133,49860,20264,22.2,6.9
lincoln county,oklahoma,10140,156,0.2917230069909951,0.004488046261399925,34759,23911,14.3,5.9
logan county,oklahoma,13782,182,0.30406389268852313,0.004015355425142302,45326,28265,13.2,4.8
love county,oklahoma,4011,48,0.40749771411155133,0.0048765620237732395,9843,20965,12.2,3.9
mcclain county,oklahoma,15012,147,0.39589651625834016,0.0038766845117223555,37919,28353,9.5,3.8
mccurtain county,oklahoma,9846,177,0.29812874704778053,0.005359413795191667,33026,19040,23.6,5.7
mcintosh county,oklahoma,5597,134,0.2816242326657945,0.006742477608936298,19874,22241,18.5,8.5
major county,oklahoma,2577,45,0.3333764553686934,0.005821474773609315,7730,28294,13.1,4.6
marshall county,oklahoma,5772,48,0.3557253790213238,0.002958215210156539,16226,22431,14.7,5.3
mayes county,oklahoma,13515,184,0.33020596642967087,0.004495589924014757,40929,22575,19.2,5.3
murray county,oklahoma,5396,90,0.3910995143871856,0.006523157208088715,13797,24804,14.1,3.9
muskogee county,oklahoma,24775,397,0.3566236271249874,0.00571461473132674,69471,21800,21.9,6.9
noble county,oklahoma,3658,51,0.3202871902635496,0.004465458366167586,11421,28054,11.6,4.9
nowata county,oklahoma,3270,46,0.31297856049004597,0.004402756508422665,10448,21491,18.1,9.5
okfuskee county,oklahoma,4281,69,0.35205592105263156,0.005674342105263158,12160,17656,25.2,8.2
oklahoma county,oklahoma,247602,2800,0.31981534558765595,0.003616622513733478,774203,29127,17.0,5.2
okmulgee county,oklahoma,11872,215,0.30346872523708496,0.00549576953554357,39121,21436,19.5,10.0
osage county,oklahoma,14108,190,0.29795142555438225,0.004012671594508976,47350,24195,15.7,6.1
ottawa county,oklahoma,11810,137,0.3722616233254531,0.004318360914105595,31725,19415,21.8,7.2
pawnee county,oklahoma,5144,90,0.3127431906614786,0.005471789883268482,16448,22965,15.0,5.2
payne county,oklahoma,23679,200,0.2936602425775727,0.0024803432795098843,80634,22785,26.3,4.5
pittsburg county,oklahoma,14096,240,0.3155373491818324,0.005372372574038009,44673,24408,17.1,6.3
pontotoc county,oklahoma,17104,176,0.44670793178197393,0.004596620439290658,38289,23862,17.3,5.1
pottawatomie county,oklahoma,27319,328,0.38147568911106766,0.004580110034350825,71614,22284,17.0,6.7
pushmataha county,oklahoma,3316,48,0.2978799856270212,0.004311893639956881,11132,22596,20.3,7.9
roger mills county,oklahoma,1133,16,0.3034279592929834,0.004284949116229245,3734,27797,18.4,3.4
rogers county,oklahoma,32095,423,0.3562232236009678,0.004694887788852139,90098,29824,9.4,5.0
seminole county,oklahoma,7909,148,0.31327735086746417,0.005862314822150044,25246,19605,22.7,8.0
sequoyah county,oklahoma,13103,120,0.31677303935789575,0.002901073397156948,41364,19253,24.6,8.7
stephens county,oklahoma,13602,224,0.3070914139931818,0.005057232519811257,44293,25177,15.1,6.8
texas county,oklahoma,7066,58,0.33004811060768835,0.0027091410154607876,21409,23324,16.8,3.1
tillman county,oklahoma,1844,38,0.24291924647609012,0.005005928072717692,7591,21422,22.1,5.5
tulsa county,oklahoma,215637,2446,0.3384542702115604,0.003839133103027202,637123,29797,15.5,5.9
wagoner county,oklahoma,27386,310,0.3564493036574255,0.0040348822074710395,76830,27337,10.7,6.4
washington county,oklahoma,15972,302,0.30794146567181446,0.005822584687759076,51867,28913,14.0,4.7
washita county,oklahoma,3371,63,0.2918614718614719,0.005454545454545455,11550,26409,14.2,4.6
woods county,oklahoma,2759,47,0.3021243977222952,0.005146736749890495,9132,28322,12.9,4.6
woodward county,oklahoma,6221,89,0.2942762535477767,0.004210028382213813,21140,27413,11.7,5.6
baker county,oregon,3204,46,0.2005006257822278,0.0028785982478097623,15980,25820,15.3,7.3
benton county,oregon,15102,66,0.17112941789708666,0.0007478838287119401,88249,30873,20.7,6.7
clackamas county,oregon,59978,581,0.14995924612838218,0.001452638000610058,399962,37551,9.0,5.6
clatsop county,oregon,4596,47,0.12088056600299835,0.0012361589647826201,38021,28115,12.2,6.5
columbia county,oregon,7554,92,0.15045710757464098,0.0018324138068396838,50207,28460,12.3,7.5
coos county,oregon,10647,149,0.1692121867103193,0.0023680488231274137,62921,26007,17.9,9.2
crook county,oregon,6036,77,0.27793894184279594,0.0035456094304001473,21717,24239,15.3,8.3
curry county,oregon,3340,52,0.1492604013049113,0.002323814631094427,22377,26925,15.5,9.9
deschutes county,oregon,45881,266,0.261697115576571,0.0015172169905487648,175321,31575,12.1,5.5
douglas county,oregon,19726,380,0.18336803748047892,0.0035323864058897894,107576,25002,17.0,8.9
gilliam county,oregon,283,5,0.1481675392670157,0.002617801047120419,1910,24178,9.9,7.5
grant county,oregon,1670,20,0.2316548758496324,0.0027743098904147593,7209,25154,13.7,7.6
harney county,oregon,1601,37,0.2225156358582349,0.005142460041695622,7195,24398,17.5,13.1
hood river county,oregon,3548,42,0.15467782718632836,0.0018310227569971226,22938,29595,12.1,5.1
jackson county,oregon,42608,511,0.20091479228556608,0.0024095817418776817,212070,27081,16.7,7.5
jefferson county,oregon,7214,88,0.31769938785396573,0.003875456907561545,22707,22957,20.9,11.9
josephine county,oregon,16314,322,0.19303310694086187,0.0038100196417161654,84514,24349,18.6,9.0
klamath county,oregon,14094,210,0.21348723075524856,0.0031809506498227755,66018,23793,18.7,9.1
lake county,oregon,1403,26,0.1797105162034072,0.003330344562572051,7807,21005,20.0,6.9
lane county,oregon,57237,502,0.15747336101091972,0.001381128067988918,363471,27032,18.8,7.6
lincoln county,oregon,7000,81,0.14796964508423702,0.0017122201788318853,47307,25782,18.4,6.5
linn county,oregon,26383,255,0.21790805623007417,0.0021061499578770007,121074,24448,16.1,8.8
malheur county,oregon,8203,108,0.26964925544853885,0.0035501791525590874,30421,17567,25.2,8.6
marion county,oregon,68793,697,0.20817786493086762,0.0021092258203133274,330453,24791,15.9,6.8
morrow county,oregon,2950,33,0.26450282435219225,0.002958845153770286,11153,21743,14.7,4.8
multnomah county,oregon,113186,1135,0.1435534377817997,0.0014395168296639394,788459,34848,16.4,6.8
polk county,oregon,15243,127,0.1913363291743027,0.0015941555996284488,79666,25928,15.4,8.3
sherman county,oregon,318,5,0.1944954128440367,0.0030581039755351682,1635,34226,13.7,4.9
tillamook county,oregon,3645,60,0.14106037151702785,0.0023219814241486067,25840,25458,15.5,5.5
umatilla county,oregon,22327,208,0.29095861134278567,0.0027105921601334446,76736,22153,17.8,8.3
union county,oregon,5016,76,0.1943432777993026,0.0029445951181712514,25810,26586,17.4,6.5
wallowa county,oregon,1251,16,0.18225524475524477,0.002331002331002331,6864,26898,13.7,4.9
wasco county,oregon,5119,60,0.19928368435395336,0.0023358118892825163,25687,24727,13.7,6.5
washington county,oregon,85081,553,0.14872454642867755,0.0009666632288649486,572071,35369,10.3,5.6
wheeler county,oregon,242,3,0.17102473498233214,0.0021201413427561835,1415,21268,20.6,8.3
yamhill county,oregon,17722,211,0.1731238887912002,0.0020612312681945175,102366,28540,13.7,6.6
adams county,pennsylvania,32070,435,0.3156837846617252,0.004281959660986918,101589,29685,8.8,4.9
allegheny county,pennsylvania,344409,3933,0.28009726700851084,0.003198588164491849,1229605,35280,12.5,5.9
armstrong county,pennsylvania,18592,396,0.2785860916732847,0.005933739904400857,66737,25502,13.0,6.9
beaver county,pennsylvania,49883,867,0.2966383406378411,0.00515577333626703,168161,29162,10.8,5.6
bedford county,pennsylvania,12924,293,0.26434313063754067,0.0059929230328690354,48891,24219,13.6,5.9
berks county,pennsylvania,127929,1801,0.3078916967509025,0.004334536702767749,415500,29041,13.6,7.3
blair county,pennsylvania,35550,698,0.28500192406362235,0.005595818368394049,124736,25531,15.2,5.2
bradford county,pennsylvania,21012,238,0.34140317811068144,0.0038670262892795634,61546,26937,12.2,5.6
bucks county,pennsylvania,157915,2208,0.2520646909907005,0.0035244203382038862,626486,41924,6.1,5.4
butler county,pennsylvania,55923,861,0.30068715588437717,0.0046294304886441845,185984,35101,8.4,4.5
cambria county,pennsylvania,44054,827,0.3242340160887901,0.006086655724915545,135871,24838,15.6,7.5
cameron county,pennsylvania,1061,23,0.22318047959612958,0.004838031131678587,4754,24933,14.4,4.1
carbon county,pennsylvania,20414,357,0.3190335536905934,0.005579258286839514,63987,25680,12.8,7.6
centre county,pennsylvania,44778,409,0.27873709896293714,0.002545970643526761,160646,28545,18.4,4.6
chester county,pennsylvania,118990,1362,0.2312047752656164,0.002646448473920241,514652,46256,6.9,4.8
clarion county,pennsylvania,10017,224,0.25852324050894265,0.005781092729759723,38747,23595,17.5,6.6
clearfield county,pennsylvania,24791,402,0.30781360583071554,0.004991370640310905,80539,22568,15.3,8.2
clinton county,pennsylvania,11313,143,0.287708857862211,0.0036367335520459806,39321,22794,17.2,5.9
columbia county,pennsylvania,19901,280,0.29874652855963374,0.004203257524581551,66615,24908,15.9,5.1
crawford county,pennsylvania,25332,373,0.29168537773325504,0.004294909438437712,86847,24716,14.5,6.0
cumberland county,pennsylvania,64028,985,0.2604871420376646,0.0040073067237318,245801,34246,7.8,4.2
dauphin county,pennsylvania,73524,1097,0.2689945084495242,0.004013478262460258,273329,31152,13.2,5.7
delaware county,pennsylvania,143205,2112,0.2541871973644974,0.0037487752580832967,563384,36747,10.4,6.8
elk county,pennsylvania,8729,127,0.2835840291088659,0.004125921834898152,30781,27163,9.4,4.8
erie county,pennsylvania,73270,917,0.2637565966147577,0.003301007221178283,277794,26361,16.8,6.5
fayette county,pennsylvania,39659,776,0.2978296785821568,0.005827575848603184,133160,24247,18.8,7.5
forest county,pennsylvania,2566,35,0.34731997834325934,0.004737412019491067,7388,14989,14.1,5.4
franklin county,pennsylvania,52066,827,0.340293981163768,0.005405122775370417,153003,28985,10.4,5.7
fulton county,pennsylvania,5120,73,0.3499419041760645,0.004989406055635295,14631,25273,11.5,6.5
greene county,pennsylvania,10845,122,0.29045476458299857,0.003267448711768172,37338,25574,14.8,5.7
huntingdon county,pennsylvania,14009,285,0.3066366064002101,0.006238234907849232,45686,22908,13.6,6.7
indiana county,pennsylvania,22193,402,0.25641529271758845,0.004644660373652528,86551,25014,16.6,7.8
jefferson county,pennsylvania,11438,273,0.25843915224366215,0.0061683763387410185,44258,23895,14.2,4.7
juniata county,pennsylvania,5812,195,0.23772905759162305,0.007976112565445026,24448,24068,13.1,4.4
lackawanna county,pennsylvania,59780,933,0.2820343461030383,0.004401773919607473,211960,27258,15.4,5.4
lancaster county,pennsylvania,152441,2115,0.28414297270798927,0.003942262168822018,536494,29280,10.4,4.7
lawrence county,pennsylvania,23494,474,0.2662782922102209,0.005372261450057236,88231,26918,14.0,6.5
lebanon county,pennsylvania,46128,581,0.33519358214161143,0.004221892803162423,137616,27916,10.5,5.8
lehigh county,pennsylvania,112605,1425,0.31212060736084085,0.003949841174807497,360774,30988,13.3,7.0
luzerne county,pennsylvania,95768,1622,0.3009471375329173,0.005097070598512988,318222,26809,15.2,7.0
lycoming county,pennsylvania,35435,600,0.3070677134785698,0.0051993968699630844,115398,26265,14.0,6.2
mckean county,pennsylvania,9916,182,0.23570240076063703,0.004326123128119801,42070,24868,17.3,7.5
mercer county,pennsylvania,28799,553,0.2534610070144249,0.00486697235594906,113623,25499,13.7,5.8
mifflin county,pennsylvania,15330,307,0.33001808318264014,0.006608972703005252,46452,23568,13.5,4.2
monroe county,pennsylvania,48626,604,0.29064110073757066,0.0036101514590032636,167306,27439,11.1,9.2
montgomery county,pennsylvania,202154,2711,0.24692766500097107,0.003311440287195072,818677,45048,6.4,5.2
montour county,pennsylvania,6066,99,0.3314391869741012,0.005409244891268714,18302,31818,10.5,4.4
northampton county,pennsylvania,101056,1271,0.33580004053950774,0.004223419208416268,300941,32608,9.2,5.7
northumberland county,pennsylvania,29038,603,0.3121090307186311,0.006481222726197898,93038,24278,14.4,5.1
perry county,pennsylvania,10621,200,0.23150529665634945,0.004359387941932953,45878,28900,8.4,4.3
philadelphia county,pennsylvania,397762,5627,0.25340695451299233,0.003584859622197716,1569657,24811,25.8,11.3
pike county,pennsylvania,13643,114,0.2449943433835545,0.0020471564278916085,55687,31156,9.9,7.8
potter county,pennsylvania,3933,105,0.2304042179261863,0.006151142355008787,17070,23213,14.4,6.7
schuylkill county,pennsylvania,43055,774,0.2983983311039803,0.00536430863487355,144287,25224,12.5,6.9
snyder county,pennsylvania,9883,172,0.2436036480157752,0.0042395859009120036,40570,24961,11.3,3.6
somerset county,pennsylvania,22526,448,0.297888096906862,0.005924436980124043,75619,23877,12.7,6.1
sullivan county,pennsylvania,1402,38,0.22642118863049096,0.006136950904392765,6192,26720,13.1,8.8
susquehanna county,pennsylvania,10279,138,0.24640425735928662,0.0033080832294563236,41716,27823,13.0,6.7
tioga county,pennsylvania,10337,231,0.24878459687123947,0.00555956678700361,41550,25353,13.4,6.4
union county,pennsylvania,13653,160,0.30302290482954547,0.0035511363636363635,45056,25089,10.2,3.4
venango county,pennsylvania,14063,280,0.2659417549167927,0.00529500756429652,52880,25190,13.6,7.6
warren county,pennsylvania,9931,254,0.24615193952162598,0.006295699591027389,40345,26558,13.4,5.7
washington county,pennsylvania,64291,748,0.3095959279787731,0.0036020244533157405,207661,32828,9.7,5.8
wayne county,pennsylvania,13514,206,0.26161530122347837,0.003987920086727582,51656,25569,11.1,6.5
westmoreland county,pennsylvania,100561,1595,0.2818137234295963,0.004469853013297462,356835,31827,10.3,4.9
wyoming county,pennsylvania,6625,123,0.2386527377521614,0.004430835734870317,27760,28046,10.4,6.5
york county,pennsylvania,149241,1695,0.3374843967653816,0.0038329685040794544,442216,30178,10.3,5.4
bristol county,rhode island,18028,208,0.36770824834788285,0.004242473688504528,49028,42360,7.0,4.2
kent county,rhode island,65290,608,0.39808062824671364,0.003707045825915177,164012,37157,7.8,6.1
newport county,rhode island,26966,121,0.32409499543291187,0.0014542570068746695,83204,43603,9.0,5.4
providence county,rhode island,282974,2903,0.4465397093911353,0.004581003118175047,633704,29025,16.7,7.6
washington county,rhode island,43585,303,0.34539186940328076,0.0024011411363816467,126190,39568,9.6,6.0
abbeville county,south carolina,6655,69,0.2684766822656124,0.002783604970146845,24788,19234,22.7,9.4
aiken county,south carolina,41767,437,0.25205332303402994,0.0026371849107159023,165707,26222,16.7,9.0
allendale county,south carolina,2093,24,0.22261221016804936,0.0025526483726866626,9402,13439,30.4,17.3
anderson county,south carolina,58025,998,0.2988299154366702,0.005139720044908175,194174,24485,15.6,6.7
bamberg county,south carolina,3446,75,0.2321789516237704,0.005053227327853389,14842,19256,24.5,6.5
barnwell county,south carolina,5834,103,0.26776207086469617,0.004727372865797687,21788,20018,27.0,10.1
beaufort county,south carolina,43530,380,0.24275580539382988,0.002119163934060541,179316,34966,11.9,6.3
berkeley county,south carolina,52240,450,0.25528754056061614,0.0021990695492396105,204632,27010,12.8,6.4
calhoun county,south carolina,2799,61,0.1890194489465154,0.004119394921663966,14808,24766,18.3,6.5
charleston county,south carolina,112905,945,0.29110706025829775,0.0024365278060678565,387847,35587,15.3,5.3
cherokee county,south carolina,14761,322,0.2610302569453041,0.005694176731684026,56549,20516,22.0,7.8
chester county,south carolina,10134,153,0.3125462620281273,0.0047187268689859365,32424,20518,21.8,9.8
chesterfield county,south carolina,11836,191,0.2565959199601101,0.004140741864851388,46127,19768,23.8,9.0
clarendon county,south carolina,8776,159,0.2569387516102588,0.004655111839793887,34156,20616,23.3,12.0
colleton county,south carolina,8913,221,0.23716771772970385,0.00588063117000612,37581,21059,22.3,9.5
darlington county,south carolina,18939,311,0.28027881370982066,0.004602498076126206,67572,21225,22.7,13.1
dillon county,south carolina,9729,144,0.3131014063656551,0.004634248382840408,31073,15638,30.6,9.1
dorchester county,south carolina,56325,496,0.37125286719924067,0.003269266260644889,151716,27317,11.8,6.2
edgefield county,south carolina,6779,71,0.25465815176558976,0.002667167543200601,26620,23804,15.5,7.3
fairfield county,south carolina,6007,107,0.2626814762987581,0.004679027461955571,22868,21972,21.3,9.3
florence county,south carolina,41861,631,0.3021647646477114,0.004554739888982726,138537,23797,19.6,9.5
georgetown county,south carolina,15958,227,0.2613280930156391,0.0037173503643658395,61065,28748,18.7,9.6
greenville county,south carolina,173338,2008,0.35351149833174256,0.004095184487245377,490332,29132,13.5,5.5
greenwood county,south carolina,22607,305,0.32304482645289434,0.0043583258312970665,69981,22636,24.2,9.7
hampton county,south carolina,5024,86,0.25037376657031796,0.004285856672979169,20066,17676,18.4,9.7
horry county,south carolina,97534,1159,0.3144371441651138,0.00373646779674131,310186,25804,17.0,7.1
jasper county,south carolina,5924,93,0.21569269979974512,0.003386127799016931,27465,20067,22.6,10.7
kershaw county,south carolina,21623,261,0.3392694637085386,0.004095145448269369,63734,23530,16.4,7.0
lancaster county,south carolina,25276,281,0.29205953041227584,0.003246903309299316,86544,26425,15.5,7.7
laurens county,south carolina,18667,295,0.2806730017441511,0.004435556624766945,66508,20748,20.7,7.9
lee county,south carolina,4272,95,0.2386992233335196,0.005308152204280047,17897,16972,26.4,9.0
lexington county,south carolina,96569,872,0.3426011991343527,0.003093624720615887,281870,29311,12.8,6.0
mccormick county,south carolina,2244,40,0.2314833917887353,0.004126263668248401,9694,22836,20.1,15.3
marion county,south carolina,8564,163,0.2696049110656383,0.005131433968203998,31765,18556,26.5,10.7
marlboro county,south carolina,7880,105,0.28649336484275584,0.0038174877295037266,27505,16561,26.6,14.6
newberry county,south carolina,13355,195,0.3522445534631007,0.005143218863744263,37914,22190,19.8,8.1
oconee county,south carolina,24348,343,0.32068066275057294,0.004517556568237494,75926,26798,18.6,6.6
orangeburg county,south carolina,23425,420,0.26285964361057496,0.004712958391310203,89116,19489,23.2,9.7
pickens county,south carolina,46111,632,0.3796737725300332,0.005203830414412634,121449,23501,18.3,6.8
richland county,south carolina,123578,947,0.3052295927818628,0.002339028179485216,404869,28018,16.7,7.7
saluda county,south carolina,3968,78,0.1961637334387977,0.0038560411311053984,20228,20390,20.5,6.7
spartanburg county,south carolina,95357,1548,0.3202779681055446,0.005199306759098787,297732,24786,15.6,6.2
sumter county,south carolina,28100,394,0.2616899021223889,0.003669246314456272,107379,21733,21.1,11.4
union county,south carolina,7750,150,0.2790580440731672,0.005401123433674204,27772,21183,19.3,7.4
williamsburg county,south carolina,8557,146,0.2652839781746032,0.004526289682539683,32256,17440,28.2,9.8
york county,south carolina,78263,678,0.3109821031216225,0.002694068281518215,251664,30387,12.3,6.6
aurora county,south dakota,905,18,0.330412559328222,0.0065717415115005475,2739,30872,6.2,1.4
beadle county,south dakota,5705,65,0.31410009359687274,0.003578703958597148,18163,24950,23.7,2.1
bennett county,south dakota,954,16,0.27732558139534885,0.004651162790697674,3440,15287,38.1,13.5
bon homme county,south dakota,2635,43,0.37794033275960986,0.006167527251864601,6972,24858,10.3,1.2
brookings county,south dakota,9602,67,0.2849511825978574,0.0019883075644716148,33697,27197,15.9,3.3
brown county,south dakota,12345,140,0.31951238450190234,0.003623469731086782,38637,31493,11.0,1.8
brule county,south dakota,1700,27,0.32196969696969696,0.005113636363636364,5280,26074,14.6,2.0
buffalo county,south dakota,697,19,0.34033203125,0.00927734375,2048,10960,40.5,17.0
butte county,south dakota,3288,49,0.3225426721600942,0.004806749068079263,10194,26178,11.1,2.8
campbell county,south dakota,309,7,0.21413721413721415,0.004851004851004851,1443,36158,4.7,1.0
charles mix county,south dakota,3814,39,0.4092713810494688,0.004184998390385234,9319,21805,21.4,5.2
clark county,south dakota,1002,12,0.2751235584843493,0.0032948929159802307,3642,26759,13.3,4.0
clay county,south dakota,3992,28,0.28704968720788093,0.002013374559574315,13907,24541,24.7,6.4
codington county,south dakota,10854,109,0.3881557772771162,0.0038980080821085007,27963,29249,11.7,2.5
corson county,south dakota,1224,18,0.29303327747186975,0.004309312903998085,4177,15160,47.9,28.7
custer county,south dakota,2527,29,0.29663105998356615,0.0034041554173025,8519,31015,13.2,4.0
davison county,south dakota,7200,89,0.3645015946944768,0.0045056447121956155,19753,28086,12.6,3.9
day county,south dakota,1553,43,0.2811368573497466,0.0077842143374366405,5524,30841,16.5,1.5
deuel county,south dakota,1208,12,0.2821111630079402,0.0028024287716020553,4282,29204,10.0,1.8
dewey county,south dakota,3519,47,0.6163951655281135,0.008232615169031354,5709,17267,31.4,25.9
douglas county,south dakota,855,16,0.29081632653061223,0.005442176870748299,2940,27603,8.2,0.9
edmunds county,south dakota,1080,17,0.2719717955175019,0.004281037522034752,3971,31836,5.9,1.6
fall river county,south dakota,2542,44,0.3747604304879847,0.006486805248415156,6783,26584,15.0,2.6
faulk county,south dakota,721,17,0.309840996991835,0.00730554361839278,2327,29714,10.9,0.3
grant county,south dakota,2470,55,0.34627786345156314,0.0077106406841441185,7133,29363,7.6,3.3
gregory county,south dakota,1236,34,0.2936564504632929,0.008077928248990259,4209,26169,15.3,0.8
haakon county,south dakota,539,12,0.258637236084453,0.005758157389635317,2084,22863,17.2,2.2
hamlin county,south dakota,1831,42,0.30976146168161056,0.007105396717983421,5911,27060,5.6,1.7
hand county,south dakota,697,14,0.21102028458976688,0.004238570996064184,3303,33109,8.2,1.5
hanson county,south dakota,743,6,0.21827262044653348,0.0017626321974148062,3404,24805,6.5,0.4
harding county,south dakota,222,3,0.17330210772833723,0.00234192037470726,1281,30464,12.9,1.5
hughes county,south dakota,5189,63,0.29529933985886636,0.0035852492601866604,17572,32000,11.3,2.1
hutchinson county,south dakota,2080,39,0.2858320736567267,0.005359351381063625,7277,29869,13.0,5.3
hyde county,south dakota,391,9,0.2847778587035688,0.0065549890750182084,1373,30277,14.2,3.0
jackson county,south dakota,759,23,0.2317557251908397,0.007022900763358778,3275,16939,44.8,12.0
jerauld county,south dakota,513,20,0.252212389380531,0.00983284169124877,2034,38776,8.9,0.2
jones county,south dakota,195,2,0.2635135135135135,0.002702702702702703,740,26526,10.8,2.9
kingsbury county,south dakota,1596,29,0.3192,0.0058,5000,33333,9.5,1.8
lake county,south dakota,2729,31,0.22097165991902834,0.0025101214574898786,12350,31145,15.5,3.9
lawrence county,south dakota,7933,91,0.31709169398033415,0.0036373810856183547,25018,28606,12.4,3.1
lincoln county,south dakota,17706,116,0.3331514478709993,0.002182625548008354,53147,39404,3.0,2.1
lyman county,south dakota,1440,14,0.37094281298299847,0.0036063884595569293,3882,21155,21.7,6.3
mccook county,south dakota,1525,33,0.27651858567543064,0.005983680870353581,5515,29254,9.3,2.5
mcpherson county,south dakota,535,16,0.2261200338123415,0.006762468300929839,2366,25975,17.0,6.7
marshall county,south dakota,965,15,0.20277369195209077,0.0031519226728304265,4759,28861,8.3,1.6
meade county,south dakota,8497,68,0.3139363038498485,0.0025123771521466044,27066,26896,8.8,1.3
mellette county,south dakota,666,8,0.3229873908826382,0.0038797284190106693,2062,14264,42.6,6.6
miner county,south dakota,543,15,0.2407982261640798,0.0066518847006651885,2255,28633,11.6,2.0
minnehaha county,south dakota,65998,575,0.359348796689535,0.003130785146466296,183660,29551,11.0,3.4
moody county,south dakota,1706,30,0.2626231527093596,0.004618226600985222,6496,27774,15.9,4.9
oglala lakota county,south dakota,5193,62,0.36337555104611297,0.004338394793926247,14291,9334,51.9,22.7
pennington county,south dakota,39370,384,0.36411223942437526,0.003551412241274069,108126,28910,14.0,4.2
perkins county,south dakota,832,19,0.2807017543859649,0.00641025641025641,2964,30120,12.0,3.8
potter county,south dakota,819,10,0.3533218291630716,0.004314063848144953,2318,32853,6.5,0.9
roberts county,south dakota,2899,57,0.2828292682926829,0.005560975609756097,10250,25767,18.8,7.0
sanborn county,south dakota,720,9,0.3043110735418428,0.0038038884192730348,2366,31965,9.7,3.0
spink county,south dakota,1737,40,0.26813831429453533,0.006174745291756715,6478,31957,9.9,1.9
stanley county,south dakota,740,9,0.24716098864395458,0.003006012024048096,2994,32862,5.8,1.0
sully county,south dakota,269,3,0.19352517985611511,0.002158273381294964,1390,39888,3.3,0.5
todd county,south dakota,3987,53,0.39806309904153353,0.005291533546325879,10016,11665,52.0,15.1
tripp county,south dakota,1742,31,0.3178832116788321,0.0056569343065693434,5480,27613,19.7,1.8
turner county,south dakota,2314,73,0.2807570977917981,0.008857073525843242,8242,27844,10.6,2.2
union county,south dakota,4411,56,0.2954652019559247,0.003751088485498024,14929,37093,7.3,2.1
walworth county,south dakota,1546,28,0.28098873137041075,0.005089058524173028,5502,29457,10.2,3.7
yankton county,south dakota,7098,65,0.31323918799646955,0.0028684907325684027,22660,30395,13.1,2.8
ziebach county,south dakota,730,12,0.25731406415227354,0.0042298202326401125,2837,13461,43.1,27.0
anderson county,tennessee,22095,334,0.2925017871799624,0.0044216156106860124,75538,26972,16.3,6.9
bedford county,tennessee,14961,236,0.31931105135100524,0.005036923208263969,46854,22953,16.9,5.6
benton county,tennessee,4515,92,0.2794973381205893,0.005695183855391853,16154,21282,22.3,9.1
bledsoe county,tennessee,4661,57,0.3233886075071116,0.003954763061125373,14413,21402,20.7,8.4
blount county,tennessee,39149,436,0.3079325126833681,0.0034294254139300745,127135,28334,13.0,5.9
bradley county,tennessee,33143,415,0.3197094515077267,0.004003241178399861,103666,25144,18.0,7.2
campbell county,tennessee,12231,167,0.3071263559662515,0.004193451185214946,39824,21282,20.6,8.0
cannon county,tennessee,4202,63,0.3036346556832141,0.004552352048558422,13839,24595,17.0,6.6
carroll county,tennessee,8957,156,0.3183352880548744,0.005544301098198102,28137,20557,19.8,6.9
carter county,tennessee,16491,335,0.2918761061946903,0.005929203539823008,56500,21001,24.5,6.3
cheatham county,tennessee,10913,119,0.2747966660791177,0.002996499886686979,39713,25673,12.7,5.5
chester county,tennessee,5848,97,0.3420483125694566,0.005673509972509797,17097,20497,18.2,10.3
claiborne county,tennessee,9105,178,0.2884432617373123,0.005638978647912311,31566,20184,22.4,8.5
clay county,tennessee,2293,50,0.29841228526808955,0.006507027589796981,7684,17667,26.6,5.3
cocke county,tennessee,11586,216,0.3285689977879871,0.006125574272588055,35262,20189,25.0,9.6
coffee county,tennessee,16947,267,0.3134038539778822,0.004937677996819174,54074,24748,15.2,5.8
crockett county,tennessee,5183,85,0.3561220283083688,0.00584031881269754,14554,21056,17.7,5.9
cumberland county,tennessee,16112,326,0.2769431743958197,0.005603492729210354,58178,23668,16.0,7.6
davidson county,tennessee,192129,1670,0.2832415873287318,0.0024619575953603156,678322,32347,16.9,5.3
decatur county,tennessee,3732,70,0.3194931940758497,0.005992637616642411,11681,21098,22.6,9.7
dekalb county,tennessee,6279,101,0.3239938080495356,0.00521155830753354,19380,25443,18.9,5.6
dickson county,tennessee,15889,245,0.309479753023899,0.004772014569252644,51341,25211,14.5,4.7
dyer county,tennessee,12797,201,0.3389843977642976,0.005324362268549178,37751,24695,18.1,7.3
fayette county,tennessee,11430,185,0.29057352043929224,0.004703070978238764,39336,30471,14.4,7.9
fentress county,tennessee,5699,128,0.31767001114827204,0.007134894091415831,17940,18171,23.0,7.3
franklin county,tennessee,12867,183,0.310819624610479,0.004420610189144141,41397,25637,15.0,6.9
gibson county,tennessee,17415,259,0.35380520905286256,0.005261874771443663,49222,21858,17.1,6.1
giles county,tennessee,9412,190,0.3242833517089305,0.006546306504961411,29024,22994,15.9,5.9
grainger county,tennessee,6780,109,0.29552785284630806,0.00475111149856159,22942,20966,18.7,6.4
greene county,tennessee,22066,372,0.32203736135434907,0.005429071803852889,68520,21960,17.2,7.2
grundy county,tennessee,3986,73,0.2983756269181825,0.00546448087431694,13359,15824,28.5,12.2
hamblen county,tennessee,19709,353,0.31054912156306624,0.005562120854014024,63465,21962,19.8,7.6
hamilton county,tennessee,100018,1144,0.28206740761839766,0.0032262704144798626,354589,29711,14.5,5.9
hancock county,tennessee,2011,36,0.3044663133989402,0.005450416351249054,6605,19396,25.7,10.0
hardeman county,tennessee,7595,116,0.29456251939187095,0.004498914055228048,25784,16938,21.2,15.8
hardin county,tennessee,8751,145,0.339015224886685,0.005617324603881765,25813,23328,21.5,9.5
hawkins county,tennessee,16663,321,0.29543278607141593,0.005691287542994929,56402,22141,19.3,7.4
haywood county,tennessee,6179,102,0.3443490860454748,0.005684351315202853,17944,21453,19.1,6.8
henderson county,tennessee,9131,159,0.3274050700993223,0.005701172505288824,27889,21344,19.5,9.5
henry county,tennessee,8268,161,0.2562687908749961,0.004990236493816446,32263,22952,19.7,6.7
hickman county,tennessee,6831,110,0.27879356787201043,0.004489429434331891,24502,20936,19.7,6.2
houston county,tennessee,2678,61,0.3270639960918417,0.007449926722032242,8188,20819,17.1,6.6
humphreys county,tennessee,4841,74,0.2648104589464471,0.004047918604015098,18281,23498,18.4,6.4
jackson county,tennessee,3205,63,0.27693769981854316,0.005443705175840318,11573,18643,22.3,9.3
jefferson county,tennessee,15724,264,0.2973131393348082,0.004991774916331046,52887,23724,13.8,6.2
johnson county,tennessee,5167,93,0.2895326683850723,0.005211251821136389,17846,19183,25.3,6.0
knox county,tennessee,127636,1377,0.28220196955024035,0.003044533768456242,452286,30541,15.8,5.5
lake county,tennessee,2747,43,0.36201897733263044,0.005666842382709541,7588,14232,29.9,11.3
lauderdale county,tennessee,7743,105,0.29222176095407026,0.003962712759935087,26497,17178,23.1,9.9
lawrence county,tennessee,14295,202,0.3356342889342819,0.004742786034608251,42591,19879,18.3,8.8
lewis county,tennessee,3570,60,0.2988948425987944,0.005023442732752847,11944,20099,22.1,4.0
lincoln county,tennessee,9980,170,0.297528545449125,0.005068121515666458,33543,24029,16.9,5.9
loudon county,tennessee,14496,192,0.28410159924741296,0.0037629350893697085,51024,30177,13.7,6.6
mcminn county,tennessee,16680,260,0.3172972664498088,0.004945880652095341,52569,21583,19.7,8.3
mcnairy county,tennessee,7651,120,0.29489304297552515,0.0046251686259394876,25945,19745,21.6,13.6
macon county,tennessee,8447,145,0.36348379878652265,0.006239511166573433,23239,20666,18.6,5.8
madison county,tennessee,30025,426,0.3067312309091095,0.004351956848202519,97887,24600,20.3,6.2
marion county,tennessee,8857,131,0.3123611356021866,0.0046199964732851345,28355,23807,18.1,6.0
marshall county,tennessee,10369,124,0.3265518218750984,0.0039051428211507575,31753,23920,13.5,6.5
maury county,tennessee,29020,344,0.3312558500559322,0.003926671689153711,87606,25872,13.0,6.2
meigs county,tennessee,3390,57,0.2865595942519019,0.004818258664412511,11830,22542,16.6,9.9
monroe county,tennessee,14591,243,0.3192918727296599,0.0053175193662742355,45698,20353,20.4,9.3
montgomery county,tennessee,50256,576,0.26158650843222986,0.0029981261711430358,192120,24827,14.2,7.5
moore county,tennessee,2238,40,0.3551253570295144,0.006347191367819739,6302,31479,7.7,5.0
morgan county,tennessee,6190,86,0.28605758121909514,0.00397430565183234,21639,18649,22.9,7.6
obion county,tennessee,10765,194,0.3511203887928504,0.006327668873740174,30659,21939,23.0,8.3
overton county,tennessee,7142,123,0.3247101614003183,0.005592180040918391,21995,19961,19.6,5.3
perry county,tennessee,2329,56,0.29548337985282924,0.007104795737122558,7882,20204,29.4,6.2
pickett county,tennessee,1768,36,0.3486491816209821,0.007099191480970223,5071,21300,18.8,3.9
polk county,tennessee,4735,74,0.28315990910178207,0.0044253079775146515,16722,24247,17.0,6.1
putnam county,tennessee,25114,304,0.33234963276649243,0.004023026533448025,75565,23337,23.3,6.8
rhea county,tennessee,9981,160,0.30731572141141694,0.004926411724859905,32478,22031,21.9,7.9
roane county,tennessee,15794,233,0.29841665721951405,0.004402373124740204,52926,25555,15.4,8.2
robertson county,tennessee,21555,302,0.31432737878235506,0.004403937294932556,68575,26441,11.3,6.9
rutherford county,tennessee,95804,900,0.3209987401828075,0.003015519875626558,298456,27932,11.8,5.1
scott county,tennessee,9040,117,0.4118638662353638,0.005330538976718757,21949,18748,26.2,9.4
sequatchie county,tennessee,4218,68,0.2878394977480551,0.004640371229698376,14654,22744,14.4,7.8
sevier county,tennessee,30322,415,0.3174314039550684,0.004344503418024978,95523,23298,15.3,6.2
shelby county,tennessee,235846,3299,0.25147598702133717,0.0035176313407197547,937847,28117,20.8,8.6
smith county,tennessee,6163,84,0.31967425696353546,0.004357072462264641,19279,23015,14.1,3.7
stewart county,tennessee,3288,59,0.24818840579710144,0.004453502415458937,13248,22680,19.0,8.2
sullivan county,tennessee,45881,719,0.29313374095157774,0.004593691500712374,156519,25946,16.6,6.8
sumner county,tennessee,53214,727,0.30281682125988735,0.004137028395834519,175730,30669,9.7,4.5
tipton county,tennessee,17622,234,0.2868444184002344,0.003808965719308526,61434,26110,14.6,8.1
trousdale county,tennessee,4228,45,0.4819332041490938,0.005129374216345605,8773,22863,13.3,8.2
unicoi county,tennessee,5176,96,0.2902972518227706,0.0053841839596186205,17830,21374,20.1,10.8
union county,tennessee,5399,75,0.28154985398414684,0.003911138923654568,19176,20478,21.6,7.2
van buren county,tennessee,1848,48,0.32563876651982376,0.008458149779735682,5675,20672,19.5,11.6
warren county,tennessee,12998,176,0.323252922158667,0.004377020641631435,40210,21339,21.6,6.8
washington county,tennessee,38629,493,0.30551974501134954,0.003899175083243038,126437,27334,16.5,5.3
wayne county,tennessee,5695,70,0.34075270747322445,0.004188356369293365,16713,18702,19.6,8.4
weakley county,tennessee,9525,151,0.28200497394599716,0.00447063003315964,33776,19699,20.5,8.3
white county,tennessee,8229,129,0.31177540350079563,0.00488747442600591,26394,19867,17.6,9.3
williamson county,tennessee,62187,404,0.2931123062202761,0.0019042142523838029,212161,48482,4.6,3.6
wilson county,tennessee,41683,483,0.3234399490975682,0.0037478467340192746,128874,31155,9.2,4.5
anderson county,texas,11389,258,0.19722236652986302,0.004467764559197881,57747,17466,15.7,4.3
andrews county,texas,4499,75,0.2559594925186323,0.004266939750810718,17577,29903,11.9,4.5
angelina county,texas,13581,507,0.1548574686431015,0.005781071835803877,87700,21974,19.1,7.6
aransas county,texas,5777,98,0.23264336340206185,0.003946520618556701,24832,29999,17.8,6.7
archer county,texas,2636,31,0.29978391902649837,0.003525531672921642,8793,31103,8.8,3.0
armstrong county,texas,650,10,0.336962156557802,0.005184033177812338,1929,31219,7.5,1.8
atascosa county,texas,15461,241,0.3211741000020773,0.005006335819190261,48139,23973,14.6,6.1
austin county,texas,7213,84,0.24624470845281987,0.0028676771814829987,29292,30101,13.4,5.4
bailey county,texas,1741,40,0.24528036066497605,0.005635390250774866,7098,18662,22.3,2.2
bandera county,texas,4226,81,0.19825483205104147,0.003799962469506474,21316,29177,16.5,5.7
bastrop county,texas,26233,256,0.3266630139715588,0.0031878066396035165,80306,25172,13.3,7.7
baylor county,texas,910,33,0.2526374236535258,0.009161576901721266,3602,30820,13.1,2.3
bee county,texas,10480,156,0.3202053224968682,0.004766415105869413,32729,17504,19.7,6.3
bell county,texas,89760,948,0.266741157661379,0.002817186023429003,336506,25017,14.3,8.3
bexar county,texas,709927,6550,0.37522489381629215,0.0034619377126052587,1892004,26158,16.4,6.1
blanco county,texas,3289,37,0.2966002344665885,0.0033366399134277212,11089,31249,10.8,5.7
borden county,texas,117,2,0.19435215946843853,0.0033222591362126247,602,38923,2.8,1.5
bosque county,texas,4663,78,0.25970481759955444,0.004344193817878028,17955,25763,15.6,5.2
bowie county,texas,24358,458,0.2601377689966359,0.0048913333689325576,93635,24761,17.9,7.3
brazoria county,texas,119682,1046,0.3459067327562537,0.003023165074639807,345995,32343,9.9,4.9
brazos county,texas,78145,439,0.3647698045567635,0.0020491898931527183,214231,25337,26.0,4.7
brewster county,texas,1524,34,0.16529284164859,0.00368763557483731,9220,26073,10.9,7.1
briscoe county,texas,570,8,0.3582652419861722,0.00502828409805154,1591,23199,13.9,6.2
brooks county,texas,2214,55,0.30533719486967315,0.007585160667494139,7251,13549,41.5,13.8
brown county,texas,15999,240,0.42339958186677956,0.006351390689919813,37787,24040,16.4,4.3
burleson county,texas,5704,68,0.32416458285974087,0.003864514662423278,17596,27112,15.1,6.7
burnet county,texas,13293,182,0.29528844658684494,0.004042917120199036,45017,29247,12.3,4.3
caldwell county,texas,17215,187,0.42460043409629045,0.004612273086029992,40544,23366,17.7,3.4
calhoun county,texas,7076,55,0.32427478117409836,0.002520507767746666,21821,26909,15.8,6.3
callahan county,texas,3559,80,0.26054172767203515,0.005856515373352855,13660,22205,15.6,3.5
cameron county,texas,132898,2133,0.3162724505653247,0.005076142131979695,420201,16085,31.2,8.0
camp county,texas,3584,80,0.2828729281767956,0.006314127861089187,12670,21069,17.4,6.1
carson county,texas,1557,38,0.25808055693684734,0.006298690535388695,6033,31788,6.4,1.9
cass county,texas,9052,206,0.3005511654160303,0.0068397635965203535,30118,22145,18.5,7.3
castro county,texas,2732,49,0.34621720947915346,0.006209605880116588,7891,22292,15.9,4.2
chambers county,texas,13353,74,0.3399180307003029,0.0018837665147773846,39283,31412,12.9,6.5
cherokee county,texas,9248,261,0.17924564871884327,0.0050587277590417494,51594,21102,18.7,6.1
childress county,texas,3211,35,0.45455832389580975,0.004954699886749717,7064,18694,19.6,5.2
clay county,texas,2507,44,0.24177837785707398,0.004243417880219886,10369,27593,15.0,7.2
cochran county,texas,990,25,0.3376534788540246,0.008526603001364257,2932,19195,24.8,8.0
coke county,texas,1157,21,0.35731933292155654,0.006485484867201977,3238,24623,16.6,4.3
coleman county,texas,2050,77,0.2434101163619093,0.009142721443837569,8422,26436,20.3,5.1
collin county,texas,281879,1635,0.3083762273336433,0.0017886934879523014,914075,41609,6.9,4.3
collingsworth county,texas,920,17,0.3040317250495704,0.0056179775280898875,3026,21356,15.0,7.1
colorado county,texas,4649,68,0.2223019174676039,0.0032515660115717496,20913,26689,12.0,2.9
comal county,texas,47138,587,0.36512780790085203,0.004546862896979086,129100,35841,9.2,3.8
comanche county,texas,4237,85,0.3140379484138749,0.00630002964719834,13492,22751,18.2,3.6
concho county,texas,1344,14,0.3483670295489891,0.0036288232244686366,3858,17513,8.5,0.4
cooke county,texas,8471,147,0.21684927298791726,0.003763055498668851,39064,29067,13.9,5.2
coryell county,texas,21426,235,0.28259779999472423,0.003099527816613469,75818,21171,13.3,9.9
cottle county,texas,398,9,0.2656875834445928,0.006008010680907877,1498,20566,24.5,10.7
crane county,texas,1686,25,0.34863523573200994,0.005169561621174525,4836,24582,11.8,2.6
crockett county,texas,1569,21,0.4090198123044838,0.005474452554744526,3836,23296,20.9,2.4
crosby county,texas,2100,46,0.356234096692112,0.007803223070398643,5895,20057,20.8,7.7
culberson county,texas,579,14,0.2565352237483385,0.006202924235711121,2257,16763,29.4,5.3
dallam county,texas,2069,45,0.2870820036076037,0.006243929512973498,7207,25221,15.9,3.7
dallas county,texas,696581,7173,0.27293215730818704,0.002810502101509553,2552213,29810,17.7,5.9
dawson county,texas,3467,102,0.26475754104620086,0.007789232531500573,13095,21360,18.5,6.7
deaf smith county,texas,6290,119,0.33197867736317094,0.006280677679843775,18947,21209,18.0,5.0
delta county,texas,9921,28,1.918213457076566,0.005413766434648105,5172,22732,22.9,6.4
denton county,texas,270319,1461,0.34597687762136176,0.0018699100625735132,781321,37928,8.4,4.5
dewitt county,texas,5174,116,0.2527107551040344,0.0056657223796034,20474,28116,16.0,6.5
dickens county,texas,505,16,0.227068345323741,0.007194244604316547,2224,24171,16.6,15.0
dimmit county,texas,6246,52,0.5771576418406948,0.004805026797264831,10822,17939,30.2,15.0
donley county,texas,1279,26,0.37256044276143313,0.007573550830177687,3433,23212,14.9,4.6
duval county,texas,4448,74,0.3890152177715585,0.006471925835228267,11434,19085,25.2,13.6
eastland county,texas,3429,120,0.18760258233942445,0.00656526972316446,18278,20433,17.4,5.7
ector county,texas,46475,740,0.2984063591534826,0.004751386891308815,155744,27728,12.3,6.9
edwards county,texas,565,12,0.26764566556134534,0.005684509711037423,2111,28968,7.0,5.1
ellis county,texas,58058,620,0.35381371425785535,0.0037783682324549644,164092,28612,10.5,4.6
el paso county,texas,246617,3921,0.2954116132123499,0.0046967927409936215,834825,19950,21.7,7.0
erath county,texas,9965,132,0.24295396918275794,0.0032182562902282035,41016,23511,22.6,4.3
falls county,texas,4342,72,0.25114234484354214,0.004164497657470068,17289,17755,25.2,6.1
fannin county,texas,8229,194,0.24355521354367063,0.005741853375558647,33787,23212,14.8,5.2
fayette county,texas,5331,119,0.21355606297320034,0.004767055241757801,24963,30405,9.1,1.5
fisher county,texas,710,28,0.1832258064516129,0.007225806451612903,3875,27750,17.4,5.6
floyd county,texas,2202,50,0.3698975306568117,0.008399126490844951,5953,24347,18.2,6.4
foard county,texas,238,12,0.16831683168316833,0.008486562942008486,1414,26034,5.7,11.3
fort bend county,texas,256008,1260,0.35985443218572405,0.0017711031864395344,711421,38382,8.1,5.3
franklin county,texas,2673,46,0.25124541780242504,0.004323714634834101,10639,23642,15.0,7.6
freestone county,texas,4097,88,0.2085411788659269,0.004479283314669653,19646,24060,17.3,4.2
frio county,texas,7982,95,0.41768707482993195,0.004971219256933543,19110,16833,20.3,7.3
gaines county,texas,1757,85,0.08834028860173966,0.004273719141233848,19889,22656,11.0,4.5
galveston county,texas,116707,910,0.3633649247783202,0.002833266912424031,321184,33870,13.9,6.5
garza county,texas,1375,31,0.2040362071523965,0.004600089033981303,6739,20635,13.5,2.0
gillespie county,texas,6241,120,0.2406029530822314,0.004626238482593778,25939,32557,12.4,5.0
glasscock county,texas,247,3,0.17394366197183098,0.002112676056338028,1420,32885,11.6,0.0
goliad county,texas,1771,34,0.23581890812250333,0.004527296937416778,7510,30075,16.4,6.4
gonzales county,texas,5285,107,0.2570775367253624,0.005204786457826637,20558,23635,17.2,5.1
gray county,texas,6789,134,0.29566239874575384,0.005835728595070116,22962,23457,14.9,4.9
grayson county,texas,32292,688,0.2559890920045027,0.005453997748640464,126146,26535,14.3,6.5
gregg county,texas,22636,730,0.18343300756875902,0.005915625354532342,123402,25144,17.6,4.8
grimes county,texas,9557,129,0.34933109145405367,0.004715256963228306,27358,23585,18.6,5.5
guadalupe county,texas,45147,433,0.29920670161509455,0.002869659153417413,150889,29300,10.6,4.5
hale county,texas,7389,251,0.21400642975062995,0.007269673009528774,34527,19205,19.8,6.4
hall county,texas,1226,24,0.3952288845905867,0.007736943907156673,3102,20022,22.2,13.0
hamilton county,texas,2083,36,0.25340632603406327,0.004379562043795621,8220,26522,16.1,3.1
hansford county,texas,2255,33,0.4076283441793203,0.00596529284164859,5532,21989,18.7,3.8
hardeman county,texas,645,23,0.16165413533834586,0.0057644110275689225,3990,21517,13.8,6.7
hardin county,texas,15347,262,0.27408783240762236,0.004679156323111818,55993,29693,12.0,4.4
harris county,texas,1320367,11691,0.2917603483710929,0.0025833501085731824,4525519,30856,16.8,6.4
harrison county,texas,15762,239,0.23664534726601208,0.0035882653214425126,66606,25123,17.9,7.2
hartley county,texas,1288,3,0.22126782339804157,0.0005153753650575503,5821,20676,8.1,1.2
haskell county,texas,1148,41,0.1977264898380985,0.007061660351360661,5806,21120,19.3,9.5
hays county,texas,78146,478,0.4010716320319437,0.0024532572378787023,194843,29253,15.3,5.3
hemphill county,texas,1437,10,0.34609826589595377,0.0024084778420038534,4152,29470,8.8,6.9
henderson county,texas,17828,448,0.22372532533537465,0.005621996059583119,79687,24315,18.0,6.2
hidalgo county,texas,269664,3702,0.32120485171028385,0.004409562867240235,839539,15883,31.8,8.1
hill county,texas,9464,207,0.26964499401675307,0.005897771952817824,35098,23342,17.5,8.1
hockley county,texas,8824,169,0.3791518068147639,0.007261633652730632,23273,22673,14.9,7.4
hood county,texas,14938,302,0.2695514092894006,0.005449492944530658,55418,32578,12.3,3.0
hopkins county,texas,8699,193,0.24211639622588996,0.005371705307690167,35929,24236,17.9,5.9
houston county,texas,4913,121,0.21502035100004377,0.005295636570528251,22849,17884,24.7,4.5
howard county,texas,8371,196,0.22939902989778302,0.005371187416075196,36491,22994,13.9,6.7
hudspeth county,texas,1377,18,0.3719611021069692,0.004862236628849271,3702,12543,35.6,5.7
hunt county,texas,20317,379,0.22493966032638782,0.004196098403489737,90322,23942,18.8,6.5
hutchinson county,texas,6805,149,0.31353667526723183,0.006865093991890896,21704,25154,16.4,5.2
irion county,texas,630,3,0.3957286432160804,0.0018844221105527637,1592,32307,13.5,6.9
jack county,texas,1697,32,0.19199004412263831,0.003620319040615454,8839,25553,18.2,3.6
jackson county,texas,3908,64,0.2648414204391434,0.00433721875847113,14756,26809,13.7,4.7
jasper county,texas,9398,202,0.2651506601963661,0.005699131023586503,35444,21402,16.8,10.3
jeff davis county,texas,279,10,0.12477638640429338,0.004472271914132379,2236,25167,6.7,5.1
jefferson county,texas,65336,882,0.25664836157659465,0.0034646114685710247,254574,25370,19.4,6.5
jim hogg county,texas,3807,23,0.7234891676168758,0.004370961611554542,5262,17761,26.0,17.0
jim wells county,texas,14608,226,0.3535505106733143,0.005469771044097004,41318,20631,23.0,5.3
johnson county,texas,52981,792,0.3307736010438713,0.004944653593302242,160173,26574,11.0,4.9
jones county,texas,6201,97,0.3105313235515048,0.004857529170213831,19969,17960,15.9,4.2
karnes county,texas,6544,75,0.43478838615374393,0.004983057604145904,15051,27011,19.3,4.1
kaufman county,texas,42484,563,0.3699021349214641,0.004901960784313725,114852,26631,12.4,6.5
kendall county,texas,10003,135,0.24817645015630427,0.0033493772639309285,40306,39517,5.7,4.4
kenedy county,texas,105,2,0.18617021276595744,0.0035460992907801418,564,13705,24.8,0.0
kent county,texas,228,4,0.3352941176470588,0.0058823529411764705,680,27515,17.9,1.6
kerr county,texas,10802,206,0.21280116624967987,0.004058233683339572,50761,28484,13.8,6.0
kimble county,texas,995,16,0.22450361010830325,0.0036101083032490976,4432,26982,22.1,6.4
king county,texas,60,0,0.20761245674740483,0.0,289,29918,3.5,6.0
kinney county,texas,774,14,0.21316441751583587,0.003855687138529331,3631,21395,10.6,8.1
kleberg county,texas,9654,155,0.3060875079264426,0.004914394419784401,31540,19806,23.7,9.7
knox county,texas,628,25,0.16733280042632562,0.006661337596589395,3753,21046,14.7,5.1
lamar county,texas,11465,282,0.23208032226068298,0.005708386469909516,49401,23625,17.8,5.6
lamb county,texas,4749,128,0.35525134649910234,0.009575104727707959,13368,21760,20.5,3.6
lampasas county,texas,5947,97,0.29048014458066723,0.004737947540663313,20473,26405,12.0,7.4
la salle county,texas,2535,50,0.3417363170665948,0.0067403612833647885,7418,26268,8.2,5.4
lavaca county,texas,5086,124,0.25610554408580494,0.006244020343421119,19859,29946,10.5,2.9
lee county,texas,5186,65,0.3077744807121662,0.003857566765578635,16850,26740,13.8,4.5
leon county,texas,3945,95,0.23252387127195567,0.005599434162442532,16966,27096,16.3,7.1
liberty county,texas,23341,420,0.2921861699464223,0.005257623554153523,79884,22153,16.2,7.8
limestone county,texas,5800,137,0.24701873935264054,0.005834752981260648,23480,21093,20.7,10.3
lipscomb county,texas,775,17,0.2217453505007153,0.004864091559370529,3495,29995,10.5,5.2
live oak county,texas,2393,43,0.19870464170057295,0.003570538902266877,12043,22847,16.3,3.8
llano county,texas,4945,102,0.2448625897499381,0.00505075513741025,20195,35680,12.5,8.3
loving county,texas,410,1,5.54054054054054,0.013513513513513514,74,35530,17.1,0.0
lubbock county,texas,114628,1402,0.38460351225666184,0.0047040350017782725,298042,26196,18.8,4.8
lynn county,texas,1707,41,0.29507346585998273,0.007087294727744166,5785,26758,18.0,8.1
mcculloch county,texas,2034,52,0.24972375690607734,0.006384284837323511,8145,23398,16.3,3.2
mclennan county,texas,73969,976,0.30102962721797166,0.003972000651147648,245720,24273,19.3,5.1
mcmullen county,texas,200,10,0.3333333333333333,0.016666666666666666,600,33472,7.0,26.3
madison county,texas,3948,59,0.2824236354531798,0.004220616639244581,13979,17436,15.4,3.1
marion county,texas,2067,62,0.20384615384615384,0.00611439842209073,10140,25933,22.3,10.7
martin county,texas,1411,26,0.2543717324680007,0.004687218316206959,5547,28560,7.0,1.9
mason county,texas,1123,13,0.2724405628335759,0.003153808830664726,4122,24519,12.6,2.8
matagorda county,texas,10613,185,0.28883627258872197,0.005034835619420858,36744,23294,20.6,6.4
maverick county,texas,25445,481,0.44274503662716846,0.008369438499417098,57471,16658,24.5,12.9
medina county,texas,12547,213,0.25844525006179453,0.004387410397956661,48548,25572,12.7,5.3
menard county,texas,666,13,0.3137070183702308,0.006123410268487989,2123,23613,9.8,5.1
midland county,texas,48762,520,0.3049855206619841,0.003252378301633069,159883,38545,8.7,3.5
milam county,texas,6221,109,0.2541361983741166,0.004452796274357612,24479,22911,16.0,5.5
mills county,texas,1518,40,0.3106200122774708,0.008184980560671169,4887,24858,14.9,2.9
mitchell county,texas,2156,52,0.2457260086619558,0.0059266013220879874,8774,19741,7.9,6.4
montague county,texas,5330,136,0.27465732247758423,0.00700814181181078,19406,26278,15.5,6.6
montgomery county,texas,173020,1394,0.32328886912425003,0.0026046970498162323,535187,38012,10.3,4.9
moore county,texas,5993,116,0.2722111191860465,0.005268895348837209,22016,21372,16.9,4.1
morris county,texas,3007,76,0.23998403830806064,0.006065442936951317,12530,22803,15.7,9.9
motley county,texas,300,13,0.26929982046678635,0.011669658886894075,1114,25908,12.2,8.1
nacogdoches county,texas,15105,280,0.23092446224641117,0.004280625582853037,65411,22589,24.9,8.6
navarro county,texas,14930,234,0.3095006115383818,0.0048508468251829435,48239,22152,18.8,9.4
newton county,texas,2004,64,0.14125607950941002,0.0045111721999013185,14187,20800,15.7,11.6
nolan county,texas,2994,108,0.19973315543695797,0.007204803202134757,14990,23686,16.8,7.1
nueces county,texas,101034,1360,0.2818368462748686,0.003793753696120329,358484,26780,16.7,5.9
ochiltree county,texas,2638,50,0.25162151850438763,0.0047691720717283476,10484,24157,13.0,7.6
oldham county,texas,616,6,0.2957273163706193,0.0028804608737397984,2083,25461,11.1,3.8
orange county,texas,18605,381,0.22172830089740075,0.004540633305128175,83909,27938,14.2,6.0
palo pinto county,texas,7984,159,0.2840371411291757,0.005656551282507382,28109,24840,18.3,7.9
panola county,texas,5797,139,0.2459065071689149,0.005896326461355731,23574,26205,15.3,3.8
parker county,texas,40101,494,0.31835539007486324,0.003921786556369727,125963,33367,9.2,5.5
parmer county,texas,2578,54,0.26116908114679366,0.00547057035761321,9871,21876,17.3,2.8
pecos county,texas,3714,72,0.23500379650721337,0.004555808656036446,15804,19088,11.5,3.7
polk county,texas,8510,266,0.18116404819687487,0.005662707029420531,46974,23023,18.7,8.5
potter county,texas,34363,675,0.28345294069124805,0.005567928730512249,121230,21941,21.7,4.2
presidio county,texas,1274,42,0.1771659018217216,0.005840634125990822,7191,15329,26.3,9.8
rains county,texas,2102,62,0.1869109016539214,0.005513071314245065,11246,23976,13.1,5.7
randall county,texas,31318,517,0.2398890863410748,0.003960107849745695,130552,32922,9.6,3.7
reagan county,texas,1011,16,0.27068273092369477,0.00428380187416332,3735,25273,18.0,3.9
real county,texas,990,25,0.2948183442525313,0.007444907683144729,3358,20873,20.2,6.1
red river county,texas,2773,75,0.22447988342912653,0.006071399660001619,12353,21177,16.5,9.0
reeves county,texas,5940,77,0.4015955648705294,0.005205868433506862,14791,18992,13.2,8.0
refugio county,texas,2361,42,0.3237350884409708,0.005758946935417524,7293,23959,16.6,7.9
roberts county,texas,191,2,0.21484814398200225,0.0022497187851518562,889,34555,3.3,2.4
robertson county,texas,4998,79,0.2987983499730974,0.0047229030908112635,16727,23337,15.2,7.7
rockwall county,texas,32036,286,0.35432565753091333,0.003163226933881921,90414,38933,5.8,4.9
runnels county,texas,2694,73,0.2624196376388077,0.007110851353984025,10266,22190,16.3,3.2
rusk county,texas,12563,244,0.23692151020254215,0.004601516237317542,53026,23521,15.8,5.7
sabine county,texas,1679,94,0.1609933838335411,0.009013328219388245,10429,20876,20.0,7.1
san augustine county,texas,1171,47,0.13935499226466738,0.005593240509341901,8403,21066,24.4,13.4
san jacinto county,texas,6590,111,0.2401953637556495,0.0040457792681148855,27436,22308,17.2,6.5
san patricio county,texas,16762,366,0.2506767164670166,0.005473551976311185,66867,24613,15.2,4.9
san saba county,texas,1526,40,0.26081011792855924,0.006836438215689626,5851,22481,17.4,3.2
schleicher county,texas,677,9,0.2168481742472774,0.0028827674567584883,3122,28112,10.2,6.3
scurry county,texas,6130,108,0.35339559552634614,0.006226219301279834,17346,24140,12.8,4.6
shackelford county,texas,1126,12,0.3363201911589008,0.0035842293906810036,3348,24296,17.7,7.0
shelby county,texas,5419,139,0.21094631943633463,0.005410876250535248,25689,20686,23.1,7.4
sherman county,texas,437,16,0.14248451255298336,0.005216824258232801,3067,25358,14.8,1.5
smith county,texas,49923,1023,0.22459813655933814,0.004602365516900084,222277,26270,16.3,6.5
somervell county,texas,2253,37,0.26046242774566475,0.0042774566473988435,8650,27095,21.5,2.8
starr county,texas,25657,392,0.404556922106591,0.006181015452538631,63420,13167,35.0,15.0
stephens county,texas,2317,53,0.24741057127602775,0.005659369994660972,9365,23044,21.3,4.7
sterling county,texas,340,9,0.29850746268656714,0.007901668129938543,1139,25675,17.0,2.6
stonewall county,texas,422,7,0.3892988929889299,0.006457564575645757,1084,28063,13.9,2.4
sutton county,texas,996,14,0.25577812018489987,0.0035952747817154596,3894,31603,6.5,5.9
swisher county,texas,2653,34,0.35181010476064184,0.004508685850682933,7541,18878,22.2,5.9
tarrant county,texas,642366,5622,0.323826231615562,0.0028341336156376424,1983675,30857,13.5,5.4
taylor county,texas,42835,780,0.31642670882242135,0.005761943104505396,135371,25419,16.1,4.4
terrell county,texas,156,3,0.21636615811373092,0.004160887656033287,721,21204,17.1,6.8
terry county,texas,2313,88,0.1813406507252058,0.006899255194041553,12755,21938,13.7,9.4
throckmorton county,texas,299,10,0.19402985074626866,0.006489292667099286,1541,27732,17.1,5.2
titus county,texas,10216,139,0.3127602253245163,0.004255449424442811,32664,21090,19.3,6.1
tom green county,texas,43344,491,0.3707594135459258,0.004199955519819342,116906,27513,12.9,3.8
travis county,texas,323687,1865,0.2751074296437823,0.0015850971966302448,1176584,38820,13.9,4.5
trinity county,texas,3294,81,0.22747047855811062,0.005593536357986327,14481,20369,18.4,10.2
tyler county,texas,5619,91,0.2618847874720358,0.00424123788217748,21456,21172,15.8,9.5
upshur county,texas,8993,197,0.2220164913839925,0.004863477015750753,40506,24088,13.8,8.3
upton county,texas,992,19,0.2774825174825175,0.005314685314685315,3575,25290,18.0,1.1
uvalde county,texas,11402,152,0.4220618175087914,0.0056265037941884135,27015,19146,17.9,5.9
val verde county,texas,15378,313,0.31399052597190463,0.006390885331590984,48976,20160,20.9,6.6
van zandt county,texas,11571,302,0.21584867647881806,0.005633592627828456,53607,25394,14.2,5.9
victoria county,texas,25367,431,0.27718044537686576,0.004709456063288096,91518,28181,14.8,5.1
walker county,texas,24785,216,0.3499816430850914,0.003050072015589257,70818,17194,24.3,3.4
waller county,texas,11701,114,0.24154160559833207,0.0023532811758148753,48443,23888,18.0,7.8
ward county,texas,3326,51,0.28926769873021396,0.004435554009392938,11498,26860,11.6,6.1
washington county,texas,10669,157,0.30775665618599823,0.0045288026076672335,34667,28517,13.2,6.2
webb county,texas,107678,1092,0.3993635581402249,0.004050084562205145,269624,16316,31.5,5.7
wharton county,texas,12031,230,0.29039343470914797,0.005551532705768767,41430,25867,17.5,5.3
wheeler county,texas,1324,24,0.23647079835684945,0.0042864797285229505,5599,25809,19.2,5.6
wichita county,texas,41262,761,0.3131175158220644,0.005774863786064442,131778,23263,18.9,4.8
wilbarger county,texas,4195,94,0.32338883749614555,0.007246376811594203,12972,21938,16.5,5.8
willacy county,texas,9178,139,0.42025733779019186,0.006364760291222126,21839,13369,35.6,14.5
williamson county,texas,172238,952,0.3388424061552626,0.0018728617997178904,508313,34575,7.0,4.8
wilson county,texas,12597,168,0.26685732443597077,0.0035589450270098505,47205,29862,10.2,6.0
winkler county,texas,2226,36,0.28622862286228623,0.004629034332004629,7777,23483,17.9,4.1
wise county,texas,19593,287,0.3097854443689029,0.004537764637057884,63247,27447,13.0,6.0
wood county,texas,8418,311,0.19434376082188617,0.007179960752626111,43315,25955,13.3,7.8
yoakum county,texas,1341,44,0.1581181464449947,0.005188067444876783,8481,23681,12.3,7.5
young county,texas,4495,103,0.24744027303754265,0.005669932841572168,18166,25661,16.5,4.5
zapata county,texas,4446,57,0.3084287200832466,0.003954214360041623,14415,17817,34.1,12.4
zavala county,texas,4395,70,0.3616688610928242,0.00576036866359447,12152,13105,36.2,10.1
beaver county,utah,754,7,0.11755534767695666,0.001091362644215778,6414,21128,10.5,4.7
box elder county,utah,16188,137,0.31022191560308154,0.002625426392242536,52182,22808,10.2,5.5
cache county,utah,41962,135,0.3488461026868848,0.0011223064644852354,120288,21752,15.2,3.6
carbon county,utah,5353,46,0.2609691887675507,0.0022425897035881436,20512,22536,16.2,5.4
daggett county,utah,37,0,0.05270655270655271,0.0,702,28533,4.0,1.0
davis county,utah,121193,463,0.3617949889096863,0.0013821844484845228,334977,28293,6.2,3.3
duchesne county,utah,1217,9,0.060072066735771756,0.000444247001332741,20259,23323,12.7,6.2
emery county,utah,2522,28,0.24226705091258405,0.0026897214217098944,10410,21465,12.9,4.4
garfield county,utah,466,10,0.09282868525896415,0.00199203187250996,5020,23228,13.1,4.6
grand county,utah,2442,6,0.2558675607711651,0.0006286672254819782,9544,25662,12.7,6.4
iron county,utah,5374,32,0.11079498598053769,0.0006597394029358403,48504,19791,20.9,6.2
juab county,utah,2896,26,0.27080605947260145,0.0024312698709556763,10694,20457,12.8,2.9
kane county,utah,647,5,0.0892906431134419,0.000690035881865857,7246,24836,11.1,4.0
millard county,utah,3274,36,0.25879377124338,0.0028456248517903723,12651,23283,11.6,2.9
morgan county,utah,3043,16,0.2762847285273288,0.001452696568004358,11014,30457,2.4,3.4
piute county,utah,304,8,0.16344086021505377,0.004301075268817204,1860,17455,12.9,1.9
rich county,utah,388,3,0.1681837884698743,0.0013003901170351106,2307,19512,18.0,1.8
salt lake county,utah,414344,1880,0.37439595192915875,0.001698744013734526,1106700,30134,10.4,4.3
san juan county,utah,5304,53,0.34910814190745737,0.0034884486276574736,15193,17385,28.4,8.4
sanpete county,utah,8370,64,0.28969957081545067,0.00221514606119341,28892,17426,16.9,6.8
sevier county,utah,5446,33,0.2598158484805114,0.0015743523686847002,20961,21196,13.3,4.8
summit county,utah,16161,30,0.4067604641212152,0.0007550778988699001,39731,52671,7.5,2.3
tooele county,utah,25229,117,0.3982038290954433,0.001846678346512619,63357,24069,6.9,6.5
uintah county,utah,1757,18,0.048344935751038716,0.0004952810720083647,36343,25001,11.6,6.7
utah county,utah,227503,892,0.39463066526047014,0.0015472787322028253,576496,23207,11.8,4.3
wasatch county,utah,12310,39,0.42005050160376717,0.0013307855046748105,29306,30086,7.8,2.4
washington county,utah,20522,204,0.13190895826503918,0.0013112478065523824,155577,25415,14.2,5.2
wayne county,utah,443,0,0.16407407407407407,0.0,2700,22195,9.2,1.9
weber county,utah,82180,497,0.3366639219011803,0.0020360424578350763,244101,25275,12.1,4.8
addison county,vermont,6940,33,0.18845892735913103,0.0008961303462321792,36825,31051,7.8,4.4
bennington county,vermont,12193,94,0.3381871636988961,0.0026072003106451433,36054,31313,12.8,4.4
caledonia county,vermont,6524,41,0.21336996336996336,0.0013409209837781267,30576,25896,12.3,4.9
chittenden county,vermont,39572,230,0.2458117215889679,0.001428704537689847,160985,36384,11.3,4.1
essex county,vermont,1461,4,0.23553119458326616,0.0006448492664839593,6203,23022,15.5,5.1
franklin county,vermont,11672,86,0.23910193379219927,0.0017617174696820715,48816,30624,8.0,4.4
grand isle county,vermont,1292,8,0.18589928057553956,0.0011510791366906475,6950,38635,7.5,4.9
lamoille county,vermont,4351,28,0.17272041602159502,0.001111508078281926,25191,31390,14.0,3.8
orange county,vermont,5124,17,0.1772949032905436,0.0005882149406594928,28901,29651,11.5,4.3
orleans county,vermont,7152,49,0.2653704871804386,0.0018181143556825349,26951,25392,14.2,4.4
rutland county,vermont,17030,98,0.28537435484952073,0.0016422012199209062,59676,28443,11.4,4.7
washington county,vermont,14223,80,0.24233698522771804,0.0013630709989606584,58691,32137,11.8,3.9
windham county,vermont,8915,53,0.20573709960306472,0.0012231145573709961,43332,29819,14.1,5.6
windsor county,vermont,11724,68,0.21130035144633685,0.001225556456700009,55485,34264,10.2,4.5
accomack county,virginia,9295,122,0.28303897685749085,0.0037149817295980513,32840,24266,19.8,5.4
albemarle county,virginia,25822,209,0.2456781313924171,0.001988487702773417,105105,39273,9.8,3.2
alleghany county,virginia,4603,112,0.2971786429078701,0.007230938085092647,15489,25952,19.3,4.4
amelia county,virginia,3643,64,0.2845649117325418,0.004999218872051242,12802,26118,13.0,3.3
amherst county,virginia,9771,114,0.3070806750683554,0.00358276501461391,31819,24296,13.4,5.6
appomattox county,virginia,5088,63,0.32906480403570043,0.004074505238649592,15462,26347,14.4,3.5
arlington county,virginia,67482,371,0.2939956607735673,0.0016163182796448457,229534,67061,8.2,3.2
augusta county,virginia,24698,236,0.3320069901868531,0.003172469417932518,74390,30088,8.8,4.1
bath county,virginia,1091,21,0.24472857783759533,0.004710632570659489,4458,28195,9.3,9.1
bedford county,virginia,22492,288,0.29089874416378897,0.003724828308695146,77319,30633,8.9,4.4
bland county,virginia,2442,25,0.3743102391171061,0.0038320049049662785,6524,23505,8.3,6.7
botetourt county,virginia,10134,118,0.3057105795046608,0.0035596850583728018,33149,34733,7.7,3.8
brunswick county,virginia,4144,54,0.2521448128993003,0.003285670824459994,16435,20278,20.9,7.8
buchanan county,virginia,6253,149,0.27654681349785504,0.006589712971562514,22611,19241,26.5,8.6
buckingham county,virginia,5053,65,0.29639840450492727,0.0038127639605818864,17048,19702,16.6,8.4
campbell county,virginia,17919,239,0.3248667464375068,0.004333006998078248,55158,26417,11.7,3.4
caroline county,virginia,9129,95,0.3054300913379504,0.003178426845996855,29889,28039,11.9,6.3
carroll county,virginia,9981,179,0.3353041959216582,0.006013370510968522,29767,23690,14.6,3.8
charles city county,virginia,1753,31,0.24964397607519226,0.004414696667616064,7022,32689,13.2,6.2
charlotte county,virginia,3505,50,0.28786136662286466,0.004106438896189225,12176,19830,22.7,6.8
chesterfield county,virginia,101347,874,0.30199288425895576,0.0026043373838626435,335594,35370,7.2,5.6
clarke county,virginia,3568,58,0.24897076268229712,0.004047170469611332,14331,38658,10.4,3.3
craig county,virginia,1470,25,0.286493860845839,0.004872344572208147,5131,26753,9.3,4.1
culpeper county,virginia,14604,178,0.2932824580781203,0.0035746560899688725,49795,29979,8.9,5.9
cumberland county,virginia,1906,31,0.19454935184240074,0.003164233949168113,9797,23488,21.8,7.0
dickenson county,virginia,4986,72,0.3284368618668072,0.00474277056847375,15181,21082,23.0,5.6
dinwiddie county,virginia,7641,110,0.27257161202868047,0.003923946777012807,28033,25981,14.8,8.3
essex county,virginia,2875,42,0.25940629793377246,0.0037895876567716324,11083,25730,12.3,5.6
fairfax county,virginia,265605,1719,0.232577994472874,0.0015052486681307595,1142004,52976,6.1,4.5
fauquier county,virginia,16797,164,0.245548636084554,0.002397450516036605,68406,43067,6.2,4.0
floyd county,virginia,3800,55,0.24368346800051302,0.00352699756316532,15594,25446,12.0,5.5
fluvanna county,virginia,6976,54,0.2671875598452641,0.002068252326783868,26109,31952,6.1,4.8
franklin county,virginia,14291,231,0.2539403308634078,0.00410469641238872,56277,27282,14.8,5.4
frederick county,virginia,27072,292,0.3231165855055858,0.0034851522963811705,83784,32554,5.6,4.1
giles county,virginia,5353,60,0.31736526946107785,0.0035572419517400844,16867,25004,11.3,4.8
gloucester county,virginia,9775,116,0.26393951667341703,0.0031321722694748213,37035,32271,8.7,3.3
goochland county,virginia,5900,63,0.26638974173740293,0.0028445006321112516,22148,47610,5.3,3.4
grayson county,virginia,5712,98,0.36363636363636365,0.006238859180035651,15708,20525,20.2,7.4
greene county,virginia,5137,65,0.26737105085098634,0.003383126008431791,19213,30215,9.4,6.3
greensville county,virginia,3939,45,0.33939341719800104,0.0038773048423229365,11606,16835,17.0,5.7
halifax county,virginia,9823,195,0.2804167856123323,0.005566657151013417,35030,21155,18.7,4.9
hanover county,virginia,29434,348,0.2851634404851867,0.0033715049700633612,103218,37924,5.8,3.4
henrico county,virginia,94815,1100,0.29257296967041374,0.003394296963955652,324073,36497,10.4,5.8
henry county,virginia,16345,330,0.3145931172530603,0.006351528216182924,51956,21473,19.2,8.7
highland county,virginia,501,6,0.2263895164934478,0.0027112516945323093,2213,32648,10.6,0.5
isle of wight county,virginia,9335,130,0.25865890828484345,0.0036021058464948737,36090,33172,10.3,7.0
james city county,virginia,21602,155,0.29580434901681546,0.0021224735717806868,73028,42047,7.5,4.9
king and queen county,virginia,1489,15,0.21114577424844017,0.002127056154282473,7052,25831,15.6,4.4
king george county,virginia,7009,57,0.27417462056016273,0.002229698012830543,25564,35676,5.7,4.9
king william county,virginia,4774,53,0.29236328005389184,0.0032457590789393104,16329,31192,10.9,3.7
lancaster county,virginia,2409,42,0.22206858407079647,0.0038716814159292035,10848,33997,11.0,4.4
lee county,virginia,8680,132,0.3553299492385787,0.005403635172752579,24428,18514,26.2,11.4
loudoun county,virginia,99510,449,0.2656731400744344,0.0011987462555865848,374558,50456,3.7,3.8
louisa county,virginia,9015,103,0.25895498807916584,0.002958664866572832,34813,30237,11.8,7.7
lunenburg county,virginia,3423,45,0.2767402376910017,0.003638127577007034,12369,18555,18.6,4.5
madison county,virginia,3210,49,0.24488861763808362,0.003738175160207507,13108,29705,9.8,5.6
mathews county,virginia,2094,27,0.23714609286523217,0.003057757644394111,8830,35252,10.6,1.4
mecklenburg county,virginia,8069,148,0.2606350334313124,0.004780516166542847,30959,22970,16.9,5.0
middlesex county,virginia,2565,55,0.23949579831932774,0.005135387488328665,10710,29871,10.2,6.3
montgomery county,virginia,25480,190,0.26081971911722557,0.001944888015395324,97692,28277,23.8,4.3
nelson county,virginia,3291,40,0.22142232389154276,0.00269124672004306,14863,33597,14.9,3.7
new kent county,virginia,6044,45,0.2944988549432344,0.002192661891536325,20523,36768,5.1,5.1
northampton county,virginia,2973,79,0.2477912985497583,0.006584430738456409,11998,24835,20.3,4.4
northumberland county,virginia,2737,47,0.22335563897502855,0.003835482291496654,12254,33364,13.5,7.8
nottoway county,virginia,5753,104,0.3702774023299221,0.006693698912273927,15537,19452,21.5,5.8
orange county,virginia,9315,110,0.2641429179072735,0.003119240039699419,35265,30660,8.9,6.5
page county,virginia,7112,134,0.3001603781548071,0.005655440195830168,23694,24057,17.0,7.8
patrick county,virginia,5131,122,0.2857222407840517,0.0067936295801314175,17958,21785,20.2,6.6
pittsylvania county,virginia,19475,249,0.31426496691947714,0.004018073261255447,61970,23597,14.7,6.7
powhatan county,virginia,6497,67,0.2290579607953744,0.0023621492032153434,28364,33807,5.5,4.0
prince edward county,virginia,6864,90,0.2996987294240929,0.003929616207483735,22903,19751,21.4,5.2
prince george county,virginia,11730,90,0.3111075747931254,0.002387014640356461,37704,27970,12.3,8.5
prince william county,virginia,129794,840,0.28794288794776857,0.001863506987041971,450763,38225,7.0,5.0
pulaski county,virginia,11145,171,0.324643169239732,0.004981066122924556,34330,26328,13.9,6.9
rappahannock county,virginia,1388,14,0.1886125832314173,0.0019024323957059384,7359,38185,8.9,2.9
richmond county,virginia,2935,30,0.3307787670460949,0.0033810436154626394,8873,19728,17.4,6.4
roanoke county,virginia,28695,320,0.30716449544525204,0.003425427375587407,93419,33717,8.0,4.8
rockbridge county,virginia,5274,93,0.23502673796791443,0.004144385026737968,22440,31534,15.6,5.0
rockingham county,virginia,19401,273,0.2466657343012981,0.0034709419856839537,78653,28884,10.2,4.6
russell county,virginia,9714,139,0.3503697024346258,0.005013525698827773,27725,21673,17.6,6.8
scott county,virginia,7898,146,0.35432929564827276,0.00655002243158367,22290,20969,17.7,6.2
shenandoah county,virginia,14209,265,0.33156764829420826,0.006183786811032809,42854,27016,10.3,5.2
smyth county,virginia,12335,208,0.3941146399130935,0.006645792063390632,31298,22319,17.4,6.3
southampton county,virginia,4566,109,0.25241859693736524,0.006025761512521422,18089,25784,11.7,4.3
spotsylvania county,virginia,35826,342,0.27524796594933887,0.002627555528238539,130159,33859,8.0,5.5
stafford county,virginia,42839,202,0.3034804723751231,0.0014310104208729163,141159,39158,4.7,4.3
surry county,virginia,1447,23,0.21694152923538232,0.0034482758620689655,6670,27162,13.6,7.7
sussex county,virginia,3025,49,0.26088831392841744,0.004225959465286762,11595,15882,17.8,5.5
tazewell county,virginia,14244,225,0.3336690950830425,0.005270678629155052,42689,24325,15.6,7.8
warren county,virginia,11615,185,0.29788925649508863,0.004744684670821472,38991,30009,9.8,6.0
washington county,virginia,18518,269,0.3400481113539123,0.004939677176487871,54457,25640,14.6,6.4
westmoreland county,virginia,4431,60,0.251818595135258,0.003409865878608775,17596,32265,9.5,7.3
wise county,virginia,14251,238,0.3604289435746984,0.006019373277017628,39539,21694,19.9,9.6
wythe county,virginia,9859,173,0.33940374552464886,0.005955659597906913,29048,24879,15.2,6.2
york county,virginia,14392,136,0.21417941544139532,0.002023929995833085,67196,38193,5.2,6.4
adams county,washington,5686,51,0.295207933129121,0.00264783759929391,19261,18415,23.1,5.9
asotin county,washington,5749,84,0.2582775506536682,0.0037737544364077453,22259,26878,13.5,6.7
benton county,washington,62886,548,0.33005999086753196,0.002876202572836681,190529,30511,13.4,6.0
chelan county,washington,24389,184,0.32458942212994757,0.002448827490750353,75138,27605,12.8,5.8
clallam county,washington,16260,213,0.22140824357630143,0.0029003662903906643,73439,28857,17.1,8.8
clark county,washington,114138,1045,0.24949614622907532,0.002284282822630357,457474,32162,10.3,6.2
columbia county,washington,776,20,0.194048512128032,0.005001250312578144,3999,28950,14.5,7.9
cowlitz county,washington,27656,424,0.2669755767931267,0.0040930591755961,103590,25878,16.9,8.4
douglas county,washington,13455,100,0.3315264260194653,0.0024639645189109276,40585,25060,13.7,3.9
ferry county,washington,1883,35,0.2488107822410148,0.0046247357293868925,7568,21951,21.2,9.5
franklin county,washington,37123,222,0.4165320227996948,0.0024909115389793995,89124,22125,15.9,5.8
garfield county,washington,509,7,0.22866127583108714,0.0031446540880503146,2226,24781,11.7,7.2
grant county,washington,32610,240,0.34906872190109184,0.002569043031470777,93420,22508,15.9,6.9
grays harbor county,washington,20877,266,0.2921739860609623,0.0037226747277969044,71454,24081,16.0,10.1
island county,washington,14220,141,0.17703522029804664,0.0017554125219426564,80323,33837,9.5,6.7
jefferson county,washington,5169,45,0.16934215699122002,0.001474249770672258,30524,32317,12.8,7.5
king county,washington,562608,3529,0.26561680434385415,0.0016661009131215007,2118119,46316,10.2,5.0
kitsap county,washington,54509,442,0.21053830971444903,0.0017072030837804119,258903,34412,9.9,5.7
kittitas county,washington,10558,89,0.24145817133970635,0.0020354022778209763,43726,26698,19.6,5.3
klickitat county,washington,4386,64,0.20716040052900056,0.0030228603816361234,21172,25069,14.9,5.0
lewis county,washington,21154,290,0.27829816344787667,0.0038151870757248854,76012,23853,16.0,8.8
lincoln county,washington,2752,34,0.2660479505027069,0.0032869296210363496,10344,26918,13.7,4.2
mason county,washington,16253,189,0.26398024980103624,0.003069726648150855,61569,26312,16.2,8.3
okanogan county,washington,11070,148,0.2675399376465186,0.0035768663750392732,41377,22755,21.8,6.7
pacific county,washington,4882,78,0.23314231136580707,0.0037249283667621777,20940,23050,18.6,6.4
pend oreille county,washington,3012,49,0.2305219654063983,0.003750191336292668,13066,26128,16.6,8.0
pierce county,washington,250820,1664,0.2967606215385125,0.0019687810949688416,845193,31157,12.2,6.9
san juan county,washington,2060,5,0.12699586955181555,0.00030824240182479503,16221,40784,10.7,4.0
skagit county,washington,29404,285,0.2415608954610803,0.002341343191620456,121725,30069,14.3,6.4
skamania county,washington,1836,21,0.15967994433814575,0.0018264045921029745,11498,28644,13.3,6.2
snohomish county,washington,210303,1459,0.2724470918663461,0.0018901314153055302,771904,35737,8.8,5.4
spokane county,washington,157638,1666,0.32120937966109986,0.0033947070282253793,490764,28325,15.2,6.3
stevens county,washington,10306,191,0.2349856354598933,0.004354963746636874,43858,24707,15.6,6.7
thurston county,washington,64998,559,0.24083591159197437,0.0020712525705393037,269885,32410,11.6,7.7
wahkiakum county,washington,648,15,0.15785627283800244,0.0036540803897685747,4105,26964,13.9,6.3
walla walla county,washington,19409,176,0.3242290601717283,0.002940095553105476,59862,26651,14.4,6.0
whatcom county,washington,49875,408,0.23444330585038875,0.001917852005753556,212738,29186,15.3,6.8
whitman county,washington,10256,98,0.21458760513872033,0.0020504665857639034,47794,22154,27.5,8.5
yakima county,washington,84541,872,0.340508057467607,0.003512177832196843,248279,21510,19.0,7.5
barbour county,west virginia,5960,77,0.3549731983323407,0.004586063132817153,16790,20762,22.5,8.9
berkeley county,west virginia,45049,346,0.40362870710509813,0.003100080637935669,111610,27658,13.0,8.3
boone county,west virginia,8678,102,0.37347219831296263,0.004389740058529867,23236,20992,24.4,10.6
braxton county,west virginia,4979,52,0.34708957825026143,0.00362495643081213,14345,20633,22.1,15.3
brooke county,west virginia,6281,111,0.2722937529804483,0.004812069189751593,23067,25630,13.0,3.5
cabell county,west virginia,33871,442,0.35245577523413113,0.004599375650364204,96100,24646,23.2,5.5
calhoun county,west virginia,2262,15,0.3036241610738255,0.0020134228187919465,7450,19696,17.1,14.5
clay county,west virginia,2711,54,0.3045725199415796,0.006066734074823054,8901,16229,25.2,10.8
doddridge county,west virginia,2501,20,0.29183197199533256,0.002333722287047841,8570,21164,14.9,6.5
fayette county,west virginia,16707,235,0.3745796152638895,0.00526882202591812,44602,20758,20.0,8.4
gilmer county,west virginia,2537,23,0.30547862733293196,0.002769416014449127,8305,18207,25.0,12.3
grant county,west virginia,4799,61,0.4111196778891459,0.005225734601216482,11673,21705,12.7,5.2
greenbrier county,west virginia,12850,184,0.36173746586718464,0.005179742701911438,35523,23777,17.8,6.8
hampshire county,west virginia,7299,75,0.3117631983598155,0.003203485392106612,23412,21771,16.9,5.7
hancock county,west virginia,8355,152,0.27923531967514453,0.005080044116172588,29921,25157,13.5,7.5
hardy county,west virginia,5710,52,0.41340863017665797,0.003764842166232262,13812,23446,14.8,5.1
harrison county,west virginia,25992,290,0.37978900610771793,0.004237411964113504,68438,27162,15.0,6.5
jackson county,west virginia,8770,159,0.3011365587336469,0.005459602376128833,29123,23246,14.7,4.6
jefferson county,west virginia,18335,151,0.3293337883713829,0.0027122662691071078,55673,33241,9.9,7.3
kanawha county,west virginia,59075,879,0.3145181470182668,0.004679838361896852,187827,28201,16.5,6.5
lewis county,west virginia,6951,96,0.42459226681326734,0.005864027854132307,16371,21513,19.8,7.5
lincoln county,west virginia,7267,96,0.34212136905042134,0.004519561225930982,21241,19321,24.9,7.3
logan county,west virginia,12893,204,0.3744916928081794,0.0059254095503659815,34428,21074,22.5,12.8
mcdowell county,west virginia,7420,87,0.3765159587963668,0.004414674988582737,19707,13985,34.9,11.2
marion county,west virginia,20272,208,0.3583208130799823,0.0036765355722492266,56575,25205,16.1,5.5
marshall county,west virginia,11200,171,0.3499343873023808,0.005342748234705993,32006,24043,15.2,5.9
mason county,west virginia,8899,111,0.3295925925925926,0.004111111111111111,27000,21094,19.3,7.7
mercer county,west virginia,23292,290,0.3820678116234437,0.004756983744238308,60963,21698,21.4,6.2
mineral county,west virginia,10196,167,0.37183180773859453,0.006090222821924802,27421,21888,14.8,6.9
mingo county,west virginia,9976,135,0.39666003976143144,0.00536779324055666,25150,19272,28.9,15.6
monongalia county,west virginia,31285,218,0.3016439280721207,0.0021019138986646097,103715,29285,21.3,6.1
monroe county,west virginia,5865,50,0.4338980543019901,0.0036990456462232743,13517,22830,17.2,9.0
morgan county,west virginia,5212,78,0.2976584808680754,0.004454597372929754,17510,24026,11.1,11.1
nicholas county,west virginia,9342,112,0.366410417320364,0.004392845936617509,25496,22101,18.6,7.3
ohio county,west virginia,13845,198,0.3226821423577122,0.004614739197315061,42906,29769,13.7,5.1
pendleton county,west virginia,2350,24,0.3292238722331185,0.0033622863547212102,7138,23697,18.7,5.0
pleasants county,west virginia,2502,39,0.3324033479473894,0.0051813471502590676,7527,24605,16.6,7.4
pocahontas county,west virginia,2567,36,0.2993935152787497,0.004198740377886634,8574,23219,17.6,6.3
preston county,west virginia,11052,145,0.3273696682464455,0.0042950236966824646,33760,22540,15.2,8.4
putnam county,west virginia,20824,221,0.3676294047030577,0.0039015606242496998,56644,30690,9.3,3.5
raleigh county,west virginia,30503,423,0.3956444479032907,0.0054865948091365425,77097,23435,17.6,7.6
randolph county,west virginia,12041,99,0.4130419868276619,0.003395993413830955,29152,23642,18.3,7.3
ritchie county,west virginia,3040,34,0.303848075962019,0.003398300849575212,10005,21533,18.5,8.5
roane county,west virginia,4492,51,0.3130749930303875,0.0035545023696682463,14348,20723,19.3,9.2
summers county,west virginia,3840,66,0.2906888720666162,0.004996214988644966,13210,20142,19.0,11.1
taylor county,west virginia,5928,84,0.3491783000530129,0.004947870648524475,16977,23683,15.7,8.9
tucker county,west virginia,2440,39,0.3468372423596304,0.005543710021321962,7035,22385,15.3,7.4
tyler county,west virginia,2718,33,0.30372108615487764,0.0036875628561850488,8949,24599,16.4,8.2
upshur county,west virginia,8963,105,0.36429035929117215,0.004267598764428548,24604,21279,21.2,8.1
wayne county,west virginia,11678,148,0.2843922752843192,0.0036042179090665562,41063,20582,20.8,8.8
webster county,west virginia,2847,38,0.32962834317471346,0.004399675813361121,8637,20314,26.7,10.6
wetzel county,west virginia,5440,97,0.3444564047362756,0.0061419616285696196,15793,22088,23.2,6.7
wirt county,west virginia,1739,28,0.29982758620689653,0.004827586206896552,5800,19747,21.2,7.8
wood county,west virginia,27986,380,0.3253580729166667,0.004417782738095238,86016,26717,16.9,6.0
wyoming county,west virginia,9660,135,0.43651152281970174,0.006100316312697696,22130,20474,22.2,11.7
adams county,wisconsin,5940,70,0.2953607478494356,0.003480682213713888,20111,24874,13.0,8.1
ashland county,wisconsin,4235,43,0.2683947018188732,0.002725141010203435,15779,22983,14.6,7.2
barron county,wisconsin,16339,160,0.36022311389391065,0.0035274923938445257,45358,26935,11.5,3.6
bayfield county,wisconsin,4443,49,0.2961210343908291,0.003265795787789923,15004,28272,11.0,5.5
brown county,wisconsin,104339,637,0.4044084587835847,0.002468953969705896,258004,29874,11.3,4.4
buffalo county,wisconsin,4241,16,0.3202446575549347,0.0012081854564675678,13243,28286,10.7,3.5
burnett county,wisconsin,5204,45,0.34149222389920597,0.002952949668613426,15239,26308,14.6,5.1
calumet county,wisconsin,17045,138,0.34270261575889177,0.0027745943663670908,49737,32713,5.9,2.0
chippewa county,wisconsin,22463,222,0.3540546930412168,0.0034990937032075026,63445,27020,10.7,3.7
clark county,wisconsin,9326,137,0.2702170196737461,0.0039695187320719725,34513,23437,13.2,3.3
columbia county,wisconsin,19875,151,0.34997358689910196,0.0026589188237365734,56790,31290,8.3,3.8
crawford county,wisconsin,5433,34,0.3330472629191442,0.0020842273033776742,16313,24391,13.0,4.1
dane county,wisconsin,183026,685,0.35006321281776154,0.0013101597629854047,522837,37193,12.4,3.8
dodge county,wisconsin,33428,388,0.38058588457641207,0.004417474070110323,87833,27000,8.8,4.8
door county,wisconsin,8932,94,0.3254746201217068,0.0034252814925481907,27443,34253,8.4,4.6
douglas county,wisconsin,14732,95,0.3386433119554973,0.0021837574420154934,43503,27844,14.2,5.6
dunn county,wisconsin,15771,87,0.3563262539539087,0.001965657478535924,44260,26354,12.8,4.7
eau claire county,wisconsin,37119,218,0.3625327186779701,0.0021291557604406768,102388,27780,14.5,4.0
florence county,wisconsin,1369,17,0.3144235186035829,0.0039044556729444188,4354,28211,8.4,6.4
fond du lac county,wisconsin,39769,330,0.38957896592935093,0.0032326952841833035,102082,29431,8.5,4.0
forest county,wisconsin,3428,56,0.3794133923630327,0.006198118428334256,9035,23936,17.5,8.3
grant county,wisconsin,15803,164,0.30541919523791117,0.003169572107765452,51742,23753,15.3,3.5
green county,wisconsin,11862,71,0.3217337058233204,0.001925737069082427,36869,30208,8.9,2.6
green lake county,wisconsin,6506,72,0.3470792211256335,0.003841024273139504,18745,26372,11.4,3.4
iowa county,wisconsin,7018,36,0.2976756023074313,0.001526976586359009,23576,31717,9.0,3.5
iron county,wisconsin,1850,50,0.32185107863604734,0.008698677800974252,5748,26689,15.2,7.8
jackson county,wisconsin,7028,48,0.34231162632117285,0.0023379280112999852,20531,24740,13.0,4.7
jefferson county,wisconsin,27272,278,0.32241742132267753,0.003286595890572908,84586,28819,9.8,4.3
juneau county,wisconsin,9592,80,0.3629621220721232,0.0030272070231202935,26427,24376,14.3,4.3
kenosha county,wisconsin,57667,729,0.34348903422560545,0.004342232229012544,167886,28996,14.5,7.8
kewaunee county,wisconsin,6888,72,0.3380115811168908,0.003533222102267151,20378,28767,9.2,3.5
la crosse county,wisconsin,44197,230,0.3758823629467095,0.0019560817131873925,117582,29495,14.4,4.6
lafayette county,wisconsin,4517,36,0.26959116681587586,0.0021486123545210387,16755,27023,10.4,2.7
langlade county,wisconsin,6859,109,0.3574257425742574,0.005680041688379364,19190,25142,14.8,6.7
lincoln county,wisconsin,9236,160,0.3299278416803601,0.0057155104665285415,27994,28603,9.2,4.0
manitowoc county,wisconsin,25596,223,0.32123493975903616,0.002798694779116466,79680,27777,10.2,3.7
marathon county,wisconsin,50365,558,0.37226611872011117,0.004124381897067845,135293,30151,10.3,3.8
marinette county,wisconsin,14830,154,0.36426606405973666,0.003782668500687758,40712,25778,13.2,5.7
marquette county,wisconsin,4702,71,0.3100764969664996,0.004682141915061989,15164,26050,11.8,5.5
menominee county,wisconsin,2446,16,0.5428317798490901,0.003550821127385708,4506,17197,35.8,8.1
milwaukee county,wisconsin,347383,2532,0.36314873937105496,0.0026469130846573127,956586,26933,20.5,7.1
monroe county,wisconsin,15016,123,0.33145707789771095,0.0027150519833123634,45303,26724,12.6,4.7
oconto county,wisconsin,13544,137,0.3615107433604698,0.0036567462965434406,37465,28437,9.1,4.5
oneida county,wisconsin,11304,158,0.319755600814664,0.004469336954062005,35352,30550,9.0,3.9
outagamie county,wisconsin,65304,461,0.3562917375932958,0.0025151673868447472,183288,30858,8.6,3.1
ozaukee county,wisconsin,28294,216,0.3221927417242675,0.002459660430212829,87817,45820,5.9,3.0
pepin county,wisconsin,2324,19,0.31914309255698986,0.0026091733040373524,7282,27901,13.1,3.4
pierce county,wisconsin,13714,80,0.3326541502935041,0.0019405229709406684,41226,31109,10.7,2.7
polk county,wisconsin,15345,135,0.3541589734121123,0.0031157680945347118,43328,27993,9.9,4.8
portage county,wisconsin,23268,184,0.330647567890182,0.0026147134473007345,70371,28363,13.1,4.6
price county,wisconsin,4163,44,0.3068701164676397,0.003243402624207578,13566,27161,11.9,2.9
racine county,wisconsin,72275,768,0.3704491519776936,0.003936422673384555,195101,29582,11.9,5.8
richland county,wisconsin,5127,61,0.2908771133552706,0.0034607965505503236,17626,24941,13.6,3.5
rock county,wisconsin,56367,475,0.3496148263927654,0.002946174934563904,161226,26954,14.3,6.4
rusk county,wisconsin,4274,67,0.30075293786503415,0.004714657659559496,14211,23574,15.2,4.1
st. croix county,wisconsin,31428,172,0.36065272773174817,0.0019737899061302243,87142,36561,4.8,3.3
sauk county,wisconsin,21367,175,0.33733817492895485,0.0027628670666245657,63340,28331,11.3,3.6
sawyer county,wisconsin,6110,71,0.3729248046875,0.00433349609375,16384,29712,17.7,6.2
shawano county,wisconsin,14464,166,0.3516141579152081,0.004035394788020226,41136,26627,11.5,3.9
sheboygan county,wisconsin,39924,377,0.3468816793229882,0.0032755834361478443,115094,28849,8.2,4.4
taylor county,wisconsin,5906,83,0.29030672434132915,0.004079826976012583,20344,26290,10.9,3.8
trempealeau county,wisconsin,10083,77,0.34168078617417824,0.002609284988139614,29510,26654,9.0,3.3
vernon county,wisconsin,7777,122,0.25600763710580027,0.004016064257028112,30378,25314,16.6,2.9
vilas county,wisconsin,6576,110,0.3063591893780573,0.005124621476822734,21465,29058,15.3,7.9
walworth county,wisconsin,33851,316,0.3289155338768134,0.0030704353993995163,102917,29192,12.4,5.6
washburn county,wisconsin,5108,53,0.32664023532421027,0.003389180202071876,15638,28232,13.0,5.1
washington county,wisconsin,47439,376,0.3541095941537841,0.0028066613419722767,133967,36177,5.5,3.4
waukesha county,wisconsin,141673,1277,0.3571009071637961,0.003218805689497418,396731,42094,5.0,3.3
waupaca county,wisconsin,16621,269,0.321794350545004,0.005208030822249327,51651,29423,11.0,3.8
waushara county,wisconsin,7767,94,0.3213487794786926,0.0038891187422424494,24170,25838,11.1,5.0
winnebago county,wisconsin,64763,424,0.3819924501592544,0.002500884746962369,169540,29763,12.2,3.6
wood county,wisconsin,27622,272,0.3761831478883789,0.003704359431816634,73427,29039,11.1,4.8
albany county,wyoming,11661,54,0.3073213156230234,0.0014231499051233396,37944,26034,23.0,4.8
big horn county,wyoming,3119,66,0.26166107382550335,0.0055369127516778525,11920,23724,13.0,4.7
campbell county,wyoming,14064,167,0.292293623742622,0.003470778950868734,48116,33200,9.4,4.6
carbon county,wyoming,5047,55,0.3216903563005928,0.003505640894894512,15689,27797,13.3,3.4
converse county,wyoming,3727,58,0.2630947338698292,0.0040943103204856696,14166,31948,8.0,5.8
crook county,wyoming,1589,34,0.21627875323261195,0.004627739213284333,7347,34186,5.1,3.6
fremont county,wyoming,17100,208,0.4237498141448184,0.005154383704217674,40354,27220,13.7,6.0
goshen county,wyoming,4632,67,0.34364567104384597,0.00497069515542696,13479,27253,13.2,6.5
hot springs county,wyoming,1493,22,0.3149124657245307,0.004640371229698376,4741,30939,12.5,4.1
johnson county,wyoming,2404,22,0.2807755197383789,0.002569493109086662,8562,32732,9.9,4.3
laramie county,wyoming,32142,328,0.3312549597551298,0.0033803629767806165,97031,31554,10.4,5.3
lincoln county,wyoming,4927,38,0.2621999893566069,0.0020222446916076846,18791,29516,9.3,6.0
natrona county,wyoming,26106,312,0.3222048060427286,0.0038507584266196018,81023,31900,9.9,5.1
niobrara county,wyoming,868,12,0.3501411859620815,0.004840661557079467,2479,23370,14.9,0.0
park county,wyoming,7852,154,0.2682060390763766,0.0052602814592157396,29276,32557,7.0,3.3
platte county,wyoming,2313,46,0.265770423991727,0.005285533724003217,8703,31242,10.5,2.5
sheridan county,wyoming,10125,92,0.3379054865839007,0.0030703510879722335,29964,31643,6.8,3.1
sublette county,wyoming,2347,28,0.2338348111985653,0.0027896781906944306,10037,32175,7.4,4.2
sweetwater county,wyoming,12645,142,0.28398499786646303,0.003189076290789858,44527,31700,12.0,5.2
teton county,wyoming,12206,16,0.5324782969070366,0.0006979889194259041,22923,49200,6.8,1.3
uinta county,wyoming,6468,43,0.31159071201464494,0.0020714905096830137,20758,27115,14.9,6.4
washakie county,wyoming,2640,51,0.3198836786623046,0.0061795710650672485,8253,27345,12.8,6.1
weston county,wyoming,1914,24,0.2689335394126739,0.0033722073907545315,7117,30955,14.4,2.2
